R,A1,A2,A3,Q1,Q2,Q3,Q4
0.28792845982887877,0,0,0,0.6140174004745123,2.3081388395459355,0.3203389785962458,0.1464708489117068
0.5039318149755952,0,0,0,-1.296550501925747,2.448491197728819,-4.963762584660275,-0.4349098176008848
0.4981963889891552,1,0,0,-6.789372999825471,1.883988684577146,-0.8999997774356389,1.8477707901450808
0.41315165979683804,1,0,1,-2.1878463724252275,1.3513225813967276,-3.6147888725806085,-1.9440497271391246
0.5344863929677613,1,1,1,5.7523776532090185,2.1590424922612033,-4.530360325984788,2.304268775857974
0.7294129760298447,0,1,1,1.798956454274351,2.903239488465739,-0.46794538067351193,-0.45325157320604326
0.5543663860309236,1,1,0,-4.670492202382618,2.655966037057027,-3.517943099633695,-1.1764924645532502
0.5901625553858654,0,1,0,-0.9195553141994384,1.8865027604847309,1.6117087584333039,-1.0652281440947429
0.30928286975276015,0,0,0,-0.6362836589574438,0.41173067872389524,-1.535664995151563,3.7457414725422034
0.9217377257503241,0,0,0,0.914662166284242,2.375740694277956,-1.318567215237608,0.40119780875000177
0.6789472197890107,1,1,1,-4.817844420511933,0.57138544638155,6.98587529895703,-0.47301030305343206
0.32969919159377015,0,0,1,-2.1709488051426753,1.1745719853454017,0.635601200595115,-0.41874513328497953
0.2447509968105224,0,0,0,-6.925089682587818,0.40440443467631626,0.5897881349014528,2.118493587212517
0.3978576546623576,0,1,0,-4.020214147841278,0.7417767414670333,2.628638591587439,1.1517771451439467
0.6988337122424222,1,1,1,0.5216836717160046,0.9924765138572946,1.9309556539173078,4.007420864013665
0.45759165683695624,1,1,1,2.8905985887521513,0.6711273470361936,0.32789146910623074,-0.41611072299648455
0.4660535760280752,1,0,0,-1.8158709113460982,2.624322275861192,-1.2316117375175852,3.3355822584250405
0.46484922372729925,1,0,1,3.7501185439914537,0.2051112725305817,2.4898540957485253,-4.5201454751544405
0.3504730123738524,1,0,0,-1.609965638021614,0.6795137040223553,-2.5083904471271765,1.856990937636005
0.6421467453090072,1,0,0,1.9037567336759444,0.8648634443709136,-0.23747849343227934,2.6538292440360003
0.42550597416765334,0,0,0,4.069855736069876,2.0020905732720236,-0.2482136041551441,5.040367568082377
0.6504248811805224,1,1,0,3.320101298750671,0.8699430324075311,-0.7374549645038546,1.3330756654209734
0.39743829664915603,1,1,1,-1.3088192368812728,2.9580875273390337,1.6797722306816212,-3.646980222755708
0.5315850913751142,1,1,1,-2.8680965532515756,1.3411901852148613,-0.09045192682164874,-0.02651291063954208
0.4763049699732147,1,1,1,-0.913132437398364,2.1771891339592933,-0.32307713925716,2.5856280189375758
0.6333373670583425,0,0,0,-0.39420626509361095,0.3915672737763465,-1.2085234625061851,0.13059750823214508
0.7507941226784258,1,0,1,-1.9364259152857315,1.1096039951124985,1.037001645115759,-2.2461049787702523
0.5058239973231703,1,0,0,1.4740068880945603,2.4564230845603747,0.8564878997769934,-0.8439803354526494
0.4680454374278183,0,0,1,1.6269959591945455,0.8251639720291534,0.43098882650746395,0.9891274948598789
0.5620742085432924,0,1,0,-4.114020590135082,2.231074645760346,2.1781543396042156,-1.14143747905843
0.5486852473954291,0,1,0,-0.231436904561647,2.4100264191519534,1.0611265243129515,-3.3762921360021743
0.4843736096087603,0,1,1,-0.7719306784741959,1.8589863817656815,-2.506523212161313,1.8980349132873993
0.5542069343145892,0,0,0,5.2796182867986845,0.9275264876217217,5.629734304818122,-0.8738866100456995
0.5227142128716546,1,0,1,-4.028987434803987,0.16669127327648714,-0.19476222385368008,-3.806666851644838
0.607146591411441,1,1,1,4.380670329205462,0.02028919723049616,2.3011861218677634,-6.746560368707204
0.3845754090274523,1,0,0,3.4169585255441266,2.457249390142589,-3.229438053352723,-2.423478317630075
0.7086237778218356,1,1,0,0.32888050033929567,0.8127972782980359,5.381318160620098,1.001791998694368
0.33607772565275656,0,0,1,-1.7922327327648726,2.9791190646229504,-2.440504653702977,6.001992895828062
0.5150041050046277,0,0,0,0.18244905030499836,2.6415430662731056,-1.7467269570829442,0.13286982841381476
0.2361522359409305,1,1,1,-4.448252558182918,1.4255901875505879,0.14633039349238874,0.4460300841990912
0.3499357924929135,0,0,0,-5.217971986735941,0.9672795434195425,-5.781437466894928,1.1654531208248495
0.460864915025799,1,0,1,-0.3383948839149285,1.5957586543831592,-0.3173173418296295,2.3961092253168808
0.8647216850439869,1,0,1,-0.5592210824666857,0.6714831053688679,5.693331420961085,-5.450563439789196
0.44308433686971577,0,0,0,1.8342987976659462,1.7860918718628063,-2.29569362834721,1.3432648176173707
0.8421507934907276,0,0,1,2.3544484126989325,0.3246301135230474,-2.367680088925522,3.5641134150165703
0.6984691724806087,0,1,1,-2.108669088424792,1.7297756009855614,0.9277884069696529,1.0403704409615329
0.4875233603803723,1,0,0,-5.548104003375521,2.8394290730477287,-3.0647681356833076,-1.93815121525672
0.692118192142686,1,1,1,0.31649559239462693,0.07535067208157276,2.124053029395578,-0.20046923707582504
0.5279651561491365,0,1,1,-1.2876611321803813,2.4235222191041492,1.2448204517822883,1.3890316436849988
0.7285916217616192,0,0,0,1.0651680111159694,2.207436004932874,-1.9027961796304476,-1.0157059751359627
0.47603875519271754,0,1,1,-0.8805238703745681,2.691839799429493,-2.5563051969272186,-7.518521019409228
0.6765817660601041,0,0,0,-3.2873357140801756,1.4121375050218523,1.1261485863859275,-0.7019180138517824
0.40155690503361197,1,0,0,-3.977079967115217,2.5416645562045654,8.382423140273598,-4.765733206101993
0.4768209974345709,0,1,1,-4.586693381201627,0.8963347277480861,-0.21414468505483197,3.986073194215917
0.555522950031276,0,0,0,-0.29291074733571554,0.18282785729551454,1.322858602712423,4.517531393465891
0.4357109961316546,1,1,1,4.943132947409605,1.8215763841002164,-0.4090459102780506,-0.8198627381905448
0.2707886590825036,0,1,1,-1.948571347477476,0.6133974776631946,1.6438445879941601,4.59893585135114
0.2162075547467584,1,0,0,-3.0325145193747574,2.2465806161057964,1.024079639204296,4.161931687848845
0.673419147280646,0,1,1,-2.779179176857876,2.498655008137132,1.3439172861539812,-1.012922974224243
0.654514121383744,1,0,1,-0.7708776189242227,2.2715280293648137,-2.17524164043071,-3.5608653297870534
0.5532211651321477,0,0,1,-3.0972128260025213,0.7932917237739111,-0.21569303737842932,-3.9522862098684266
0.3203491071692799,0,0,0,4.527488735963306,2.6493108400407537,-1.8248234226948525,0.4537215318900268
0.44269100540032363,1,0,0,2.855860654757025,1.5435486310051991,3.13579372738264,2.2499453293990594
0.5294755514436527,0,0,0,4.69123489110919,1.535849300925305,4.353515787975551,0.7877041300694518
0.5545225161506864,0,0,1,9.338614242282722,2.0416309660524488,-3.0739820802156252,-1.5833346770368375
0.45297702697287257,0,0,1,1.9169344207623982,0.2780777749272335,2.6798381670616753,-0.6229537273672378
0.25270633172859575,1,0,1,0.5763142429503058,2.3014600346174396,0.09453580856949256,-1.0306164504781572
0.34566042780639955,0,1,1,-2.1707752424837694,0.1591006717687904,-2.5832557400034517,-5.316010651975717
0.2432999341142729,1,1,0,-4.528255199874126,0.6306519602609267,-0.13054346812051365,2.9394331585264597
0.36080278151360223,1,0,1,0.1445042061219769,0.8814585088965379,2.1849865009807985,-0.25513717684198695
0.4315417629415225,0,0,0,-0.9659639469039731,1.1838970221898255,-2.138036082682259,3.0649065582297954
0.5269929713278604,0,0,1,3.8788876503779752,2.9471549380587074,-1.9714416590899917,-2.030170233787555
0.5850126237777619,1,0,1,0.707280357752583,2.09381889078872,1.407129838878973,-1.3384191993748793
0.8401332496966681,1,1,0,-2.326297884618786,2.9807627910972414,1.5468650204185765,1.4130511059445916
0.4610098668121034,0,0,1,2.2393320550324445,0.160115027157119,-1.8529756382000224,-3.441179203465543
0.6720904595533871,0,1,1,-3.7681171448954327,1.0666749111090603,-4.604745819662731,-1.4465372753270702
0.7057193546629035,1,0,0,5.56221882481354,2.1527355228649196,1.798436616369997,-1.4221822290159785
0.3817592532380652,0,1,0,1.848583695141872,2.0141659450638363,0.6931487220222123,-1.8296600798665832
0.5009152878229794,0,1,1,-2.100776906476702,1.972574281550802,-0.9673939489142194,2.1246074443544125
0.5710390523101452,0,1,1,-0.19389734610928328,0.8619986160759759,-3.524379528026531,-2.702150365259585
0.49828775878284354,0,1,0,0.20123619474817045,1.0817424419404578,2.2952148323231985,4.06424436453362
0.7403182291573666,1,0,1,2.9310922682943774,1.0385077184584044,-0.1531220509007293,1.6205955383046682
0.4535342466724537,0,0,1,-1.3791822538305536,0.27002006215408425,5.031111530955006,2.0171117281872815
0.3771225625601553,0,0,1,0.5377238526725348,1.3721230502766575,2.9589298067060756,2.6678015994744406
0.551879381154009,0,1,0,0.5699204824073042,1.1712303568708835,-2.304163648362822,2.4994522303166953
0.6791173828294556,0,0,1,4.055664020996488,2.5407861954494027,0.9247538167348339,-2.133611131288913
0.4916155394759262,0,1,1,1.8297497911311513,0.08544092151901828,4.095016408363424,-1.4989417563747416
0.4479935773622698,1,0,0,0.72318862394382,1.1892058595292887,2.734850572266146,-0.5479915795006102
0.570664626367421,0,1,0,4.169612802974981,1.9699185900625564,0.23712857797783288,-2.0386061465865093
0.6570470877449809,0,0,1,3.371674366544499,2.5229745855567915,3.976351808297821,-0.019968088363541206
0.532841929540782,0,1,1,0.17497541295118288,0.046797697231173885,1.7778933786279287,-1.8749702474821819
0.5184325915693154,1,0,0,-2.8598433257633458,0.9320135142153444,-0.4302747525022869,7.0289454282324595
0.44568428783044,1,0,1,0.7623741664359184,1.126946349677128,4.019631240418806,-3.3128804679789132
0.7352685327715918,0,0,1,-3.0150354493726903,2.310248830285472,1.1760597361072354,2.296073490041667
0.4108689176416709,0,0,1,-0.532733920114058,1.4602313859111993,1.2452574326654646,3.038001145316383
0.5589991951097663,0,1,0,-4.016097427631903,0.027338568052829748,-0.9852481780647522,-0.7521833643449158
0.5555277313766069,1,1,1,1.897458431856878,1.4239853264733071,-1.5095055652436935,0.16952874242005567
0.4629486338132808,1,1,1,-0.06860108218899882,2.5481550805125295,2.7500411194729772,3.134382642327414
0.5594105560502858,1,0,1,-4.651349719908396,1.1681379342536347,-1.3680426196837683,-0.3777934277860636
0.5871691241710463,1,0,0,-0.5419758268075343,2.849151988953051,3.0700114044731954,4.969449273897705
0.7046932299323718,1,1,0,1.052057575397543,1.7714524236283262,3.1653291918695694,-3.3106684424243724
0.3422488653002705,1,1,0,-0.16803167850008338,1.2820354837469932,-1.927025882726868,-1.718202857516761
0.4212335846310386,1,0,0,2.8425097837510958,2.3448111754493643,2.666691740364133,-1.14177539733992
0.6727156562306771,0,0,0,-0.6469013044908464,2.375287606188712,3.475528777713971,4.607784067396651
0.4594406446827461,0,0,0,-6.633352691772132,1.8744508041352814,-1.1134896846876186,-1.8616890188275024
0.27553867405232013,0,0,0,-1.7860163056243317,1.1961853676255143,0.28039278456479194,-1.4671668153086417
0.6620977802067611,1,1,0,-1.1796022025185922,1.0418347597118323,1.5041194388901267,1.1694199236082299
0.5000381183684672,0,1,0,0.9660276810989942,2.23537621673149,-3.9693544047225533,4.67251093195397
0.540835661957847,1,0,0,0.9417143519967999,1.266111980553985,2.8710098363284677,-4.066525213628579
0.681611567804191,0,1,1,-5.583195597173876,0.09183599100478601,2.8948957574052856,-0.7241135376860007
0.5733059927165539,1,0,1,-2.4790307978684973,1.4456654045170623,-3.657899048292947,-2.220138292656539
0.518692668193712,1,1,0,2.596588218514788,2.4620650752594853,0.3937093139871589,-5.638511599046517
0.5208726648187918,1,1,0,-1.0950588970008786,0.041017134076089756,-0.17162342537119032,1.330031649690784
0.30249944512021915,1,0,1,4.884298328788896,0.21067924475261968,6.0621613096873235,2.3374554204270135
0.4898652973237078,1,0,1,-1.0642009160672552,0.15152900076702447,-6.540204543066718,-0.8978247425971482
0.5032674632411773,0,1,0,-3.185985680142239,1.845006155557913,2.313847038531821,4.555458858191905
0.3060083660919691,1,0,1,-4.754495623739019,2.926324875686037,0.2870391008412957,-2.65309005912484
0.7268878226808317,1,0,1,-2.3439297569122264,1.0854904360897113,-1.0354769155505712,2.018440913065645
0.5755644661415251,0,0,0,-1.0078006393257049,0.12385228706663576,3.253714702730443,-1.5679680479485394
0.2993051921342677,1,1,1,1.2130498049334235,1.705833189583807,2.182486695106874,-9.399097262878481
0.4535884183082197,1,0,0,-1.762571417241249,1.3610651363098658,-6.820793509343215,-7.159465804694884
0.4473576906849088,0,0,0,-2.658042166843733,0.9153464017625854,0.5350555965209164,-1.9544890822183558
0.5354665975073425,0,0,0,0.7385151167308066,0.5653107892418959,6.986722699032307,1.7849933622241188
0.6801392373720122,0,0,1,-0.05081122665198262,0.34786852789253186,-0.3724687015421456,-1.4863158931794245
0.6394942503254005,1,0,1,-0.14291102859370122,0.20042690469615088,-2.61026386607468,-0.6254257322980734
0.39527621322565293,0,1,0,-0.09103325237389817,2.204513676330854,0.7656755534742161,0.40859933261315634
0.6351686160361472,1,0,0,-1.7495874760776633,0.46895609700742624,1.6765277926265796,3.6297812660819737
0.41995063091813056,0,0,1,1.517509872998349,2.5102454130353977,-3.7282691412353315,0.20688695172153015
0.5136324041895977,1,1,1,-1.5908364077411572,0.12852041760874755,-2.665873476926451,-6.496792512546746
0.4940040223803986,1,0,1,-4.156228662392432,1.486202705122547,-0.39617611913908307,-2.615868933286662
0.36648969741271076,0,1,1,0.2394875868205804,1.8092348055346208,5.660678977049467,-2.868501726446793
0.6845762277086469,1,1,1,-0.3643094486419516,0.5715864898479512,-6.365832388353082,0.6584824735309676
0.5189135613181032,1,0,1,6.1746819295047,1.2745440517408109,4.269311764385896,-2.692879475976151
0.3094908612006778,1,0,0,0.08649697631199993,1.2839460994747998,-6.4584179918725955,-0.40607588585668397
0.7813140293650013,0,0,1,4.7040991582063985,2.3610878066818133,-1.4162897614618273,-0.02555300726598474
0.5138303903637274,1,0,1,2.3636281876522056,2.2862329086112982,-0.26312978256491154,-2.811786150783456
0.44035570794403833,0,0,1,-3.7849639835567785,0.9356152834131516,-0.717555808012477,-7.823249341754497
0.6727796634731161,1,0,0,4.073859867402338,1.073164083188375,3.971969515547629,-1.6921475297729387
0.6148554360925507,0,1,0,-2.5373451692529287,2.437689756236974,1.4882718769410448,4.8381189047259205
0.46319168258349797,0,0,0,-0.014679754396912274,1.7973777575634213,-0.20455760426565733,-4.809982857391862
0.4024572994511809,0,1,1,0.8926622976503986,0.9940642386083961,3.8096519659106467,4.656744565243162
0.4259783552841334,0,0,0,0.979595131644881,1.3538863428752064,1.2199538559015783,4.752881576325869
0.37947134731355026,0,1,1,-0.4528149124108063,2.1385234978356387,-3.6477134570875296,0.790645388149193
0.25314593175265687,1,0,0,-0.9176803321913032,1.706520366245707,-0.3834566758515773,-3.5328240301241705
0.4940144699551291,1,1,1,-1.4793119165005624,1.3042566021049797,-2.8361998713800123,0.30238342497950044
0.41564292528104524,1,0,1,-1.8953957588205694,0.3338430662317323,6.158610607509471,-2.9149652077079966
0.44583937921040456,1,1,1,4.739130701917611,2.8981039818392604,-5.626994991438993,1.9077422726966249
0.642768321442741,0,1,0,-0.6856706334597147,0.6108661418623288,-3.3129774782396133,1.1274148360425758
0.5511778218868699,0,1,1,2.1079785860799998,0.6281723021060667,2.4849368778482703,7.101158764956919
0.7504092064754391,1,0,1,6.038325889740717,2.214035492933035,-1.4228702994246487,-5.835753092968049
0.4626193345191438,0,1,1,1.0608350011344043,2.1027884719069023,-1.8611353998009652,1.7590705542356966
0.5868591157819883,0,0,1,-5.157376402605378,2.706574071203635,0.3880022455510871,-0.9604386489261862
0.5759646561146546,1,1,1,2.092368960077483,2.074533015041601,-0.20948887843377886,5.326164817668086
0.4848141317508396,0,1,0,4.780617376285115,0.797564979446043,-3.23747754602482,-1.635024525824609
0.33853295872442435,0,0,1,-2.4263190500748584,1.478569334630799,2.234462135530169,0.514787162829867
0.44637341776457734,0,0,1,4.029820323733561,0.03762038501997789,0.5291189119975855,2.6974710109066513
0.5179166671564687,1,1,0,0.25331669006775154,1.0107030569768989,6.642907739257993,2.3844417980060837
0.2707328600961728,0,0,0,-1.5751086173643323,2.0790724437077333,0.2598554433307285,-0.3389922209367403
0.8103490649773656,0,1,0,6.203235695498789,1.2529105043387274,2.3041945772650587,7.841590032819941
0.4732662269811835,1,1,0,-1.1063869146641927,0.5141166226775734,-2.0924037488653053,-1.6003356403669549
0.2601519097917533,0,1,0,-1.451705862855967,0.007962109800970452,1.5800521843230713,-0.7061829324740867
0.5652186668529942,0,0,1,-1.787807476123236,0.46819459699040666,4.257875062853173,-5.520883690771024
0.6048893423039055,1,0,1,-0.009379211094977281,1.2098498383407907,-2.091871801818799,-0.5170629995699922
0.3393333857081609,1,0,1,3.077985127196455,0.8163921301431948,0.4035430264076286,-1.8741256287763441
0.5530311699612475,1,1,0,2.718451082272224,2.776440326685664,-1.9430915052636928,4.906748554590045
0.5615905123654702,0,0,0,0.40375155532666707,1.5871758188767684,0.31268054121236905,3.0293860185970374
0.5486853777906805,0,0,1,3.9337163693569055,1.5986220961969244,3.723091774570044,-1.1502509979225952
0.4661052500652497,1,0,1,-2.143806278962026,1.2795509423382574,3.3387567809263974,-1.6604414674096664
0.4815122478497706,0,0,1,2.9208124602171965,2.7781409726470185,-0.9591642524029678,-1.8467128714937546
0.31782971090746537,1,0,0,-0.9714198405178365,2.022011748051176,0.309786685207393,-0.6704236643447775
0.6030337729951646,0,0,0,2.310279126484513,1.955288638461993,2.089777382926319,1.4023922206172506
0.48812654953693896,1,1,1,1.3476806557212284,0.8145682687289095,0.5548858080498701,-3.7199864161944896
0.6701914864701317,0,1,1,2.302333015854847,1.450693225188014,1.3890362184928446,-0.8249089011381723
0.22382502947408567,0,0,1,-1.4475122170277324,2.5218182413132193,-3.4246962601575923,1.1001534206880914
0.5110365965507633,0,0,1,-1.0975165099361655,2.699883989227347,-4.754294415095554,0.40333367417104266
0.5939455794171054,0,1,1,1.8117867348725099,2.1038485338139528,-9.125124762777242,1.3247378321104817
0.46982733876051286,0,0,1,2.3232412020045787,2.8287067320461716,1.8060370911417265,3.890908766701542
0.40990665411019217,1,0,1,3.3212509687137928,2.5151879068488223,1.3672509846749363,-0.2806494516834813
0.5432022404366961,1,0,1,-3.9140745761924673,0.9676374607668199,-1.323025921341867,-1.6084266904498121
0.4616484287889838,0,1,0,-4.722437404585125,0.033463605314615896,1.5670922476093359,-3.478025917489316
0.4300399740231567,1,0,0,1.02426117651676,0.5143849548409207,3.2085833208602548,-3.628044137604223
0.6096217207599296,1,1,0,1.7864605182000317,0.7126177850067285,-3.7126404891362865,-6.9387679278375725
0.49159475453036494,1,1,0,-0.24021624768750283,1.307769443894998,1.5495813569645225,-2.491582983392249
0.5579481251773971,0,0,0,0.3859500183940734,1.960606159322884,-4.074840680814562,2.012595166592633
0.4598805368586215,0,0,1,-5.414112752354377,0.8416488088074323,-4.6577332435330785,1.5383497419627812
0.47747785392920555,0,1,0,-7.076978576576007,2.4616039049511245,2.9430588392868375,1.2471086358831884
0.450774287468289,0,1,0,2.383813942359909,0.6196658983191329,-5.265436486280175,-2.733925519719871
0.5108011138098995,0,1,0,-4.642008119275149,2.6032928049232016,-2.201925250863865,-3.166346399550166
0.19258111421323656,1,1,1,1.5520914137363209,0.12719775165540914,0.3422766518700175,2.7762142243761625
0.5947440136252877,1,0,0,-0.11548245872230126,0.6045015367544914,0.1534488263804603,3.492695887003784
0.45167303834583433,0,0,1,-0.9824184658872261,2.7902403415433836,3.199604909554358,0.5402011622711973
0.518845307805863,0,0,0,2.806832780734846,0.6392088307321158,3.908842993640932,2.0102751412297315
0.29150785157503406,1,0,1,-5.4860188001323875,0.5805287161721595,-0.5263066129502216,-2.2144991707169246
0.3100679805632367,0,0,1,-2.623775797781022,0.9562457066754171,-2.316040099664927,1.647240780770673
0.6256574465475911,1,0,1,-0.3437136995731976,1.843125068051724,1.9080950512084844,0.21314003243743163
0.539009718112716,0,0,1,-3.713500916252846,1.945028304722733,-1.2620019994668326,-0.43962247502893326
0.6128210441903471,1,0,0,2.595494540894793,2.345581325421934,1.7287907353400989,1.363176705158324
0.5060887051084246,1,0,0,-1.2524105800701475,1.8328446818744935,-1.6889457122420866,-3.738698177041674
0.3968245891082475,0,1,1,-6.123117821668396,0.32587915685269964,2.2840102105639635,-6.280686563792171
0.5619389864953797,0,1,1,-3.563423211350977,2.46495931928952,-7.099611812006014,-3.0602167988362408
0.6494887482579991,0,1,0,1.6124958318500155,0.35974174312118434,-3.327836870515977,1.5180128420929822
0.4730083958741347,1,0,1,3.6602489368719886,0.028573851080504142,-3.252442745466964,-1.4754392769221942
0.3536579717791222,0,1,1,-4.657261526345989,0.7014762712295834,-0.10701134138479673,-1.352995752264301
0.6690874856479184,0,0,0,-2.953757676777247,1.2737720506868548,-2.4425015276663076,-0.7800568500958462
0.40582219902278466,0,0,0,-2.553205072217236,0.8744623752598089,4.262939909629214,3.5337808042286754
0.47229847242900513,0,1,0,-0.9524780584325631,1.7019742045651065,2.8487388629562,-5.7191060604873485
0.796072147518702,1,1,1,-3.235689426566932,0.7076021442321728,-2.3930760856888407,-0.8492521205953674
0.3704345328541456,1,0,0,-1.6930614376932116,1.1282389143824663,2.3460507813193563,0.8069322966659154
0.5720312502297259,1,0,1,1.1270529419042496,2.3648271534363956,-2.4633154350354043,0.5851686809160892
0.4613838496722984,0,0,1,-2.156453671867154,2.8905364498038724,-0.05096577142397131,-6.323269166234551
0.5346508724214745,1,1,1,1.1158262947982867,0.1928037926071291,2.009179370632782,7.647180850412305
0.5706853510415015,1,1,1,1.3007702862791362,1.6971690666508144,-2.9393718175228223,2.101645729937946
0.5031353791758255,1,1,1,-4.375433617636846,0.4081066919818057,5.090435028042757,7.309894912659374
0.5761827664753834,1,1,0,-3.4961543949754255,2.2011394650593843,-0.660378823460403,5.895908046697349
0.37376655655552554,1,0,0,-0.800541926286899,1.6434778901368672,2.744316741420734,4.916324217272673
0.47023219202576294,0,0,1,0.14177827013434657,0.5226144696448417,0.06805787442053701,4.080957611432185
0.4398861448012012,0,0,1,-1.815277378408938,0.06611049431195215,-0.7601651688337876,-0.11056281377527341
0.4888354676118008,0,1,0,-0.11432360907226712,1.0763586870481552,3.904868947449409,-2.3464553824191987
0.4896694154488097,0,1,1,2.2352022979928776,1.3976381740372181,0.17112386153815812,-0.6100948633899261
0.4450302657714677,0,1,0,-4.727597392021806,2.353046797540333,5.368376083322367,1.9253824212609651
0.5851032082015752,0,1,1,-2.109923595841657,2.690428017320923,-0.1428712425537738,-3.221209339497034
0.49831418129354577,0,0,1,-3.082227556677885,2.511691632387163,5.6943888967775695,-3.1473457861978105
0.675030235784544,0,1,0,2.482870092517039,2.7473139531165915,1.1317833608795647,4.799544118198307
0.42563716530538037,1,0,1,1.3155821541670938,2.655289677469518,-2.574572618008599,1.2150136498921764
0.3711497821730696,1,1,1,-1.031428618841593,1.0029762825679467,3.077418816749689,-1.8987020962926446
0.581721531510814,0,1,0,-0.6163754076566009,1.427140561558324,-2.8342507380716766,0.96401554353649
0.49390328712148857,1,1,1,1.1827564103901875,1.8058193577021848,1.519298702506203,-2.3530778467217255
0.7443374695363297,1,1,1,2.4923149315144046,1.3873369081415698,1.7682668837167506,-0.07712125067332193
0.5828519539830077,1,1,1,-3.8513103184139617,1.5916143494158281,-3.315301690387387,-2.55600267465424
0.3850701329146613,0,0,1,3.332310634853722,1.9710342099603027,4.228871602020903,3.0893503543811436
0.4098846907708071,0,0,1,-1.3497084370740755,0.543079946246173,-3.4683923994632186,-2.650336023374304
0.44907786817381257,1,1,1,-0.08437231276921736,2.584747701167926,0.22899091010861045,4.2050640953037535
0.3780102446390014,0,1,1,3.055436157255568,1.0698814407513813,-1.0629022862585282,0.23161628659759442
0.45109980695172114,0,0,1,-3.508185142306397,0.5957533874245795,-0.6788820164657896,-2.3011504568475725
0.5248693657252077,0,0,0,-0.6071025888509922,2.368263093116684,4.201023431041848,-1.929498210068503
0.44775460157942737,1,1,1,0.4362184791902516,1.7196530444880191,-1.7984081189597116,-4.781768978045463
0.7263339247730871,1,1,0,-3.0203498859250644,0.9457626721835349,2.3497298682837355,0.2528677135627549
0.3626923374703311,1,1,0,-3.54179937651645,0.04793599458474618,0.7471909234933932,3.3132356377799708
0.5284842582195263,0,1,0,-2.533041227729425,2.7207912534700904,1.3596587079790545,-1.2554818672627854
0.5611875278555464,1,0,0,0.3098777870319648,0.8930920602323862,-2.711086642563704,-2.4151308256647304
0.3801854934288267,1,0,1,3.6716308212450324,0.5716464668659014,2.1620335674864446,1.5148368822047573
0.5976156788854886,0,1,1,1.4741340969214916,0.9096549588736511,-1.581596076697241,-4.392005200064828
0.22553908398211586,0,1,1,-1.2794944267457378,1.405080870008367,-3.98169965063763,1.0223059685367422
0.48714370289481607,1,0,0,2.137996246809129,2.6950837989417114,2.482346886087897,3.4481175981682166
0.6715521383632487,1,1,1,0.7308600691597935,0.17985258326077913,-3.076799704643907,-0.05670539063347525
0.7317836792659926,1,0,0,0.9225707804244994,0.5464430921280566,5.155878885676695,-3.803738578548674
0.8783038629502145,0,0,1,2.2660390765746743,1.7246058692162904,3.379424164900361,0.7581726761934208
0.6352885451516768,0,1,1,0.3025682748537193,2.8740496604412833,0.2275001741011533,-0.6068596107442581
0.9800691128735889,1,0,0,1.679672429870486,2.355009521645173,3.2117911733213225,-3.1475625236409233
0.35185442526085275,0,0,1,0.10965717682260095,1.1398278520333334,5.245712781977286,2.2460146907411485
0.4606560689832478,1,1,1,0.2008915108270069,2.018022942431564,-0.4767986199811689,2.9276308633369594
0.6085962359453714,0,0,0,2.565016899911827,2.242308723343743,5.5750769600511045,2.2630649791920763
0.5127862917477556,0,0,0,-3.5459999023988007,1.3354306693262052,0.37559488568400307,-0.7067851555927013
0.6714220719492483,0,1,1,-2.327499577193218,2.5053006975626246,0.22592906820693118,-0.9790716401290708
0.4974967812568332,1,0,1,1.7296279469429505,1.1824366940720474,-1.3046992243244944,-3.724769261409244
0.27396830537703876,1,1,0,-3.653102362929762,0.8874694878976438,-3.004157847030565,4.635591168221774
0.5665062217573694,0,1,1,1.669635552753714,2.664349966816209,-6.19639633163151,2.796416146055729
0.2970401249676323,0,1,1,2.6985956953308854,0.6844697617051132,-0.2963942339151459,2.33628774506472
0.657638043752713,1,0,0,-1.4912140881969607,2.180276935754215,2.2736616642355973,-2.7795210242168773
0.47214680991223834,0,1,0,0.9388821039593154,2.6378360383462476,-1.970201177577866,-3.932881727600287
0.684247860753846,1,0,1,-1.339476306001508,0.9075796280276329,-1.3803326367482593,3.752212962371176
0.4891790135815326,1,0,1,0.39157562296743587,0.6291116204013268,-0.721995271365689,-0.7140019340794042
0.5438950764710385,1,1,1,2.983416899675051,1.4694726456239198,2.9561970796475068,3.9650975976904737
0.6503559018006233,1,1,0,-0.45299488402737287,1.6449854824447225,-1.8412236862098088,-7.941408709726641
0.4105512322469303,0,0,1,-3.2234824379792313,0.6870212084876284,-1.7038542906408325,1.9433325780497483
0.5137257761062131,1,1,1,-1.6284064329102494,2.0811751713826947,-4.702580396482045,3.829160471897505
0.715448976117888,1,0,0,-3.298522642515872,0.9056634197554194,-1.04928069514471,0.8915237900822972
0.5678614038026044,1,1,0,-2.41315862801251,0.3805403452718138,-6.856432454156947,-0.9751831050436681
0.3273998356245002,1,1,0,-0.8702624969390054,2.6936146066425533,-4.520975782974077,-0.7900372408897134
0.3443720984370325,1,1,1,-1.5316522058295448,2.309605680208132,-1.2568659328412304,1.6221916287101172
0.4913859114162541,1,0,0,-1.6214875616976185,0.854335585415711,-1.3045739872804663,-1.9723701080106912
0.5637471820724883,0,1,1,-3.5150330570839188,0.9845838730664672,3.104335169196122,-3.6232359813144344
0.5675684017783411,0,1,1,-7.641334384590419,0.5713132033829703,-5.071339444110395,-0.6404268774664014
0.5267497140365799,0,0,1,-0.9312158080384993,2.265932200310039,1.8232464282201981,2.814299523749673
0.5835974901771663,0,0,0,0.3526649573950954,1.2672009127027077,0.15762151543648753,-1.2931129082432942
0.2930809466737931,0,1,1,0.6019295905968334,2.8236392598861335,6.020841006564593,0.2564141136292244
0.33728109944065215,0,1,0,2.129515427723196,2.943845898510159,-1.595154390202534,6.021489548973541
0.5966823026311152,0,0,0,1.9189236954015323,0.2576515627347695,5.082217047817082,2.887927913338528
0.5331862497783945,0,0,1,-1.2619535922463165,1.615344709862064,3.467045763795994,-0.8965772359916246
0.3315511811446142,0,1,0,1.588926785575822,2.4402914367817408,4.186262330718019,4.442618477466613
0.41455623584665063,1,1,0,-1.079431505540264,1.984849623121692,-0.22607791684145503,3.774024612467412
0.7573537368298122,0,0,1,0.4043302166031233,0.12047345443394974,-0.6084623691684337,-4.936116891698122
0.4062226165059517,1,0,1,2.9811770121031835,2.254016434411718,2.4390946927289137,-2.4589945662246593
0.5557632857492947,1,1,0,-4.484890022040712,0.6975108289095961,2.7315191763299778,5.145271754226814
0.6037683485574623,1,1,0,0.08099925075157816,1.574660794836805,-0.9801319504490447,1.2074688358933634
0.4069214127960245,1,0,0,-4.218483942629701,0.6224628000357674,2.0249585698821857,0.7787046451071102
0.4547472987764202,0,1,0,1.3318240934328136,0.4887632179222362,5.457636871084883,-3.538019833156805
0.4905133421307083,1,1,0,3.740494070914302,2.3704151854927566,0.7140004000398011,-3.95683236137451
0.44968992608802966,0,0,0,-7.479703214494288,2.248951259200161,4.53361843201835,1.4851115559731733
0.9838760940034018,0,0,0,-2.0358326788608117,0.2821236289933615,-4.880768572597984,3.6170134983082907
0.4514459313983251,0,1,1,-1.7901178547802297,1.0621648413260507,-0.7936341430628199,0.6908312474879792
0.6132049973108581,1,1,0,-2.623250292809567,0.687496410822929,2.689649905993861,-2.0020729175422005
0.5346453915517986,0,0,1,0.3514239504839084,2.3683756408551613,5.614716227378732,1.1193298987548828
0.3469203096229982,0,1,0,2.8052114875920133,1.5831796950273482,-1.5743426989542355,2.492579121006005
0.4610037770716144,1,0,0,2.6206751396790198,0.17274170276823364,1.165385015563868,-1.087468198534217
0.28647491045275325,1,0,0,1.2327475856230414,0.4971279494814148,3.065792270318859,-3.616574441456874
0.5297711464294287,1,1,1,2.5814196287618936,2.1467604807083354,-1.6557705982917088,0.9313573989166308
0.426735259206458,1,0,0,-2.359775778423117,1.222583933001277,1.0558851389624087,4.749894938357719
0.4295964647952506,1,1,1,-0.40090801171064216,0.3391438972133276,4.918004732891086,-1.6104753580747135
0.5180751444631895,1,0,1,2.322340065929487,0.278442026367137,1.8194449449724326,-1.3897637457481267
0.5732238028126182,1,0,0,3.485482757242168,0.051255823058676264,-1.4986147631127222,-1.7371544967871901
0.5954991796863143,0,1,0,4.590882529404579,2.4934746901071603,2.8215424655565458,-2.294302881834373
0.32944124147491605,1,1,0,-4.860731286777597,2.9010167340281057,-1.49732211993287,-2.463569230317923
0.7285717914602516,1,0,1,2.6853701937719423,2.860822524848856,-0.0923678790758577,-1.3111190934520378
0.8425399310755097,1,0,0,1.0460604803122415,0.1871734678511091,3.3272382511072656,-1.2047042932427083
0.2666388759854908,0,1,1,0.2984918015264382,1.6811174652188994,-3.824644519441797,8.542415477026882
0.4229756394648481,0,1,1,3.1724664451874514,2.7406601209187245,-4.756401644667525,-6.316523526974492
0.5146133875858461,1,1,1,5.140508555062176,1.1317621792342196,-1.8418834617809763,-0.2182863729546951
0.6689384621598133,0,1,1,-1.1605186220623311,1.8458743841410026,-1.573777805549593,-0.18482836674996325
0.6682136273501443,0,0,1,5.853800271719751,0.39486087076008725,2.0186371665832987,3.4936553572839806
0.492620929223364,0,1,0,0.49264100601682365,2.6163934163159435,-1.544337168069464,-1.2304049736684948
0.39447051512459347,1,0,0,-1.5889783753361613,2.882914785598435,-0.1680949014653946,4.360729235987526
0.5493532953742591,0,1,0,3.107299744453143,0.5480873167825719,-0.2605040489318475,-3.6430377046662095
0.3086975916271601,1,0,0,-3.956015058654951,2.1925629629502272,4.352332058553105,-3.3326854657763327
0.5904850725355834,0,0,0,1.0731673613314108,0.11515475929244445,3.8476187152101753,4.386539827605435
0.4834009506821929,1,1,0,1.0819296908591698,0.06107637633112184,2.3896571936677744,1.664252197921268
0.7537090417946533,1,0,1,2.0311691170429462,1.009197643215495,-2.648686184922494,-6.0224803690043345
0.39449794353888396,0,1,1,-1.3881998443551948,2.0968249676266932,-2.5607593766692407,-0.6695711556494589
0.6900454381716491,0,0,1,-3.121627736415774,0.6407529272223549,1.0523203194829482,3.4769495710103655
0.42546179098656484,1,0,0,-1.9099752053148862,2.4699132111995397,0.8088566487641622,-0.9404067358559727
0.6695179452636216,0,0,0,1.4780762278649329,1.419867965057715,-1.2118443595295953,-3.0222128797730585
0.4229085747532149,1,1,1,4.435172255221049,0.01367510947977757,5.847903430135804,-10.131557989060065
0.7503176465787816,0,1,1,-0.8700123595248246,1.8455523726276426,-2.790498243946675,-0.28644906699946854
0.7430226923387606,0,1,0,1.3702093723526734,1.0379347223641169,1.7219728958356513,-6.199787879810146
0.5297547900803897,0,1,0,0.8860250755462891,2.875506542892344,-1.418093612449376,-2.480293547249616
0.5036151191251984,0,0,0,-0.04290203908257538,0.5295143078574681,-0.5842368925038273,-1.5103176839214565
0.41618197140726954,1,1,0,0.91339591067499,2.337015155574043,1.8437921996561966,0.07963979838392676
0.7184384392511595,0,1,1,-2.3864373102871665,0.273919791650861,-1.0708681619035403,-0.7677115584844819
0.4796977680603855,0,0,0,-1.4738342360222516,2.2236609189148835,-1.195650653766686,0.8689723493645747
0.3110148512487285,0,0,1,2.2212674565049335,0.7596481882711706,2.3130142362362425,-2.1947598272318904
0.5913676914018895,0,1,0,-2.1199563171603737,0.9019091698374373,-0.743622645952437,2.4746677870874203
0.4547596496046827,0,0,0,-5.3969194231956745,1.6326749221233436,-3.2016017254196205,6.841042654835016
0.1365494912749176,1,1,1,1.5776318211015459,2.9497823781372574,-3.3412680060729247,-1.3967646277036165
0.6306868961195099,1,1,0,1.793284230718219,2.956055406385045,-0.29724246959805334,1.0279768158417133
0.42412107308956026,0,0,0,1.9809091328329274,0.6440607478099031,-0.13233905980371785,1.5896255640235748
0.35854382756958464,1,0,1,0.866621871828555,0.3581625112263058,4.105864980067566,0.002009310351642017
0.47911584298679294,1,1,1,-1.4368613182749883,0.4852053419113105,3.574822333621122,-0.4350340320724989
0.5296929381060241,0,1,0,-2.8462415357792454,0.2582354886108652,6.43105697652069,-0.5944808047933554
0.729485186751236,1,1,0,-3.7706035680112215,2.452656540897747,-5.340394329782378,3.4540850130812855
0.7602749566418198,0,1,1,-5.419610860765472,1.4420477921157313,5.528911628274978,1.835626829720049
0.6620353493988167,1,0,0,2.2466320342573725,0.44946520195841355,-1.1494982495762254,-0.8689548826185857
0.5828047798247539,0,0,0,3.481588575733497,1.2959674728643682,3.221571028636258,-2.766160392896965
0.7034024521090273,1,1,1,-0.973165014947234,2.7838297236910603,0.3611749700098804,-2.5536164936454173
0.6354955596662816,1,0,0,1.6323672539403784,0.3762759670407275,-1.2564563576336343,-4.8635022093986
0.4907736268046957,1,1,0,1.1530303289540953,1.4884677075819563,-1.1975082241210153,-1.7464793078710086
0.24672104477991658,0,0,1,-1.0349000962048975,0.3011579969117193,1.9651209328885484,2.187635078904308
0.47400205313983246,0,1,1,0.6092548653040177,1.9312753118959674,1.301290403735388,-7.986437789481167
0.33724943691398473,1,0,1,-1.7062028519591164,0.5021405946336989,1.4650905752670047,0.11192409751062704
0.627354244711937,0,1,0,1.8361721928948054,1.9815075300886242,0.11346193526183701,-1.5144004189208835
0.44211231423958197,0,1,1,-1.4192212654824836,2.209615745294829,2.2933317540727183,2.8794296340032455
0.562398071562144,0,1,1,0.046232751501984706,1.936620908516015,-2.129625542051242,3.0361543527286146
0.5414454535907031,1,0,1,-0.9435467753572242,1.2678911503265717,2.9609949508320006,-0.8280508115728091
0.4865547470064067,0,0,0,-0.727764584906968,0.5271892163722155,0.30829819759129695,2.070939092368382
0.6176297077215102,1,0,1,0.4271432976388032,2.899399085871693,-1.036028944447064,0.459145192364077
0.32722750294418984,0,1,0,-3.5681498973074017,0.06648344564619357,2.404868243241176,-1.820976610465448
0.4808895627618018,0,1,0,-2.336157381961671,2.3749670376776457,-4.495719202311239,-0.735335225363857
0.6261427789876243,1,0,1,1.1917806183612822,2.110373741204576,0.16828005318109443,0.950799263283783
0.42938906118175113,1,0,0,-4.035584844192132,1.3363915972238374,-2.198344392621181,-0.20234702070692373
0.652284998251955,1,1,1,-1.755002298137024,2.3797540179964147,3.658536763452208,-2.0345612628412044
0.5272336947592705,0,1,0,0.47265496004120783,1.1681887341438886,-2.9242831097942936,6.765506218969186
0.45312279215164136,0,0,1,-4.8569813102486314,0.19252724749751038,-2.1364090967566995,-0.6639190030879453
0.6411080395335146,1,0,1,4.944336709955881,0.3084009687886743,2.8946101074049264,-0.5269949002261821
0.5697600011511699,0,0,0,0.24536311461783405,0.14286343947959612,-0.737444250368708,0.024395021220781417
0.5662824959248725,0,1,1,2.1038954016181837,0.7148488390316737,-1.1574537300849015,-0.5883034868015478
0.39204106071093614,0,0,1,2.92060035167035,2.8577507240563484,-1.2755425591251766,-0.9352916197475583
0.5479911654591162,0,1,1,5.6452708918897265,1.8591664089264306,-3.6499937206879975,2.406836357640986
0.37873162147639966,0,0,0,4.465607842217271,2.090895259208164,1.321993299888743,1.8684406321967806
0.5476840300972247,0,0,0,-1.6332033320408756,1.379243801151557,1.8195363254058199,-6.616796356766223
0.4231292209798221,1,1,1,-0.7385366108497514,1.2909173419059754,-1.9779419648830001,-3.131437083337029
0.25871863266340545,0,1,1,-2.122526371175874,0.09025781439979996,-4.928571999227358,0.8995309854366164
0.5964220886929287,0,0,0,0.6431590624733705,1.871940146644309,4.83250627584442,2.2009956030774305
0.6357019359153745,0,0,0,3.4387871270746295,2.0659765561238537,5.977593188026189,0.18768114594116864
0.20488244172075556,0,0,1,0.18808937480891175,0.330955218313284,-4.707592014783621,-8.10386473412992
0.5957983277087741,0,1,1,-3.219922050590722,1.0147939692373742,1.7112048177972037,-0.17311948970547397
0.1420414698288616,1,0,1,0.8197063088110796,0.49915427409448565,-1.1264483863814805,2.782573791188093
0.6241280663693549,0,1,0,0.2758709223011449,2.175571658861146,-0.04769465148979678,-3.79453159422311
0.39050600466198576,1,1,1,-4.78475567517399,2.321514779278586,-2.262455833531091,0.4743468476229855
0.7007782668012132,0,1,0,-0.5743992935506912,0.9579834892246265,-2.9513208306619556,0.0595340145885974
0.7741527750447529,1,0,0,0.8222221166627982,0.868484321130301,-2.4064033394118707,-0.9248274086666048
0.4176075171921649,0,0,0,0.5852721297457067,1.8625161688201048,-1.2948540452836512,-1.4580249046161278
0.23900511946026493,1,0,0,0.5498937381163969,2.3572777916279124,0.8608646889777778,1.9720571302313434
0.6253106755071716,0,1,1,0.41297889298510193,2.5834386351747805,-2.2866837002154328,4.10577452909594
0.4759029587414828,1,0,0,0.728734310845707,1.5483219778540986,0.4540624054403457,0.829225128593383
0.3507314522766643,1,0,1,3.1044392851558884,0.22228810188894177,2.4061408305994054,-1.9751062293966513
0.6786332346303708,1,1,1,-0.02880765652656549,1.724206055670481,-1.3501194077838554,3.1392705818515143
0.5976748946970559,0,1,1,1.5773396388851988,1.9440542539446262,1.4279166493517468,-0.42616271724150134
0.3402990446926337,0,1,1,0.4621140297916666,1.7102340929877644,2.0241995373011044,-4.687209912611183
0.5971003818188415,1,1,1,1.3609280217582507,2.6676220700567477,-0.23807913668388608,-4.891940849925989
0.6396133244623353,1,1,1,1.1262714052907343,1.5089631843132605,2.0236310414937,-1.5320494057566096
0.6330573528288365,0,1,1,-1.0207580467716162,1.1268644034985296,-0.20654694957474318,0.7502232506083846
0.49836450910096763,0,0,1,-1.877026437485773,2.27020880886807,0.8840040242578748,1.0132222582805208
0.24999601092691362,0,0,0,2.316236004734261,0.3185755227877085,-3.313308385987937,-0.8480301783143064
0.7761249820788407,1,1,1,3.9996857607211496,0.13196680794116467,2.41819735742457,4.624597545470614
0.43535270700890066,0,1,1,0.25890711234070996,0.9806284063865216,-4.13562436118533,-0.04197968396135277
0.5542771965450656,0,1,1,3.1769334913341125,0.713225332594253,-2.238301347404131,-3.386022825053108
0.47278247238023,1,0,0,1.1100633662322847,0.591377101322926,-1.3117892806746534,-2.2754365115952906
0.2146450608891761,0,1,1,-1.008377459981873,2.9977519048665076,0.12576944126570774,4.46681585671189
0.6540135151309929,1,1,0,-4.158171097074483,1.5966883142524146,-6.746084561665583,-3.7747969606327905
0.5025998271395795,0,1,1,-1.9547960903322208,1.532104838841484,6.04386723228353,3.3677941584761033
0.5765612684054426,0,1,1,6.256810965407432,2.9134619027016795,3.9257266732662988,1.8845573010953909
0.4743547608891329,1,1,0,-1.6459032854759421,2.1433554782430004,0.14180554102845838,-4.178233537749403
0.6982956493106008,0,0,1,-0.0949347822462725,0.5229560321576731,4.518041861116767,0.04589938554042852
0.36091247258834536,1,1,1,-0.46528817532999744,0.7514065951661018,3.663543315129915,1.5546636787009016
0.6189026166253667,0,0,0,-2.169757265134256,2.484971050557525,1.3736745385321416,-1.6339920882212944
0.4141943273522901,0,0,0,-0.1420591141401077,1.0508729432523325,-1.209029782501736,7.1049994530190705
0.5726244900215107,1,0,0,6.798390416507514,1.6443943051964949,-2.9922662058611547,-2.1210369070167405
0.5249541976417672,0,0,1,-1.3368179137858505,0.8075396875111821,2.493705011401331,2.988005491576089
0.7707882708050227,0,0,0,-2.77854940786958,2.7547311311550633,1.515389265514661,2.626619841305166
0.47053087428091245,0,1,0,1.6662877178445732,0.6859603964934126,4.381053937171654,-1.0983752338444988
0.5130315961543793,1,1,0,1.3320670467098603,2.347460533450773,1.360930271192109,1.1932154513848334
0.6886080838007607,0,0,0,1.8988140477381448,1.3117131327331684,3.272183397448274,-0.33892813806175237
0.5304105507429866,1,0,0,-0.19403326662797055,1.4421118242684914,-2.6262018451942226,0.7429068805669439
0.6581057115950208,1,1,0,-1.4636771869134677,2.1940241817337864,-4.534589894380028,-2.3358465553456442
0.5177714566036945,0,1,1,-3.5079574735453187,2.6169902182991187,4.036321371572645,2.679397140759484
0.6219976977031713,0,1,1,-1.044382181749802,0.9842939244637471,0.5485239576968243,0.8761326309883704
0.4993871591043669,0,0,0,0.3361868949224287,2.048219532263858,-0.5628392700612661,0.3867005154053999
0.47922777089018903,0,1,0,-1.3634581144704847,0.6220331338431176,-0.9675146694304417,-0.6435704781171439
0.44518861847579877,1,0,0,0.2202258922274041,2.8662692864244517,1.4006687745841433,0.4365220051215283
0.7188298600960222,0,0,0,-0.8994786638815708,0.570699477895197,-2.2454850902355457,2.813412762669958
0.46911827480121865,0,0,0,-2.4256452121700174,0.5023379645165784,3.095597940729564,-7.720625662717219
0.3881010174364766,0,1,0,-1.1902719120711553,0.9341345477412528,1.536690757046535,-0.8776438529116068
0.44412940170654325,0,1,0,5.73001101612356,2.0534501563446983,3.330151943011879,3.0369934669410066
0.364539969488722,0,0,1,-1.3463552608884957,1.1908704251155833,-2.0147513444424026,0.5292198951521346
0.4670600450836316,1,1,0,5.045931351368883,2.2274319545286634,0.3338600412840941,1.0517482520061678
0.5391997913507662,1,0,1,0.028856860172426398,1.2746314643057501,-1.3508593713883204,-1.1206911823458499
0.7206910265655152,1,0,1,-1.1749200836812936,1.5723046907336635,-0.895645880948063,1.7953864195053675
0.681089090506918,1,1,1,-2.8403294466283513,2.3908652216848765,-4.61580613327866,-6.431948126659911
0.4202893844617535,1,1,0,0.9373868427413925,0.024901703292731447,-1.8438823955464336,0.9181563235831267
0.3897168713838741,0,1,0,5.284534745936307,0.7666487923495072,-2.3464290565046473,-4.2259974867243315
0.7526118291757823,1,1,0,-2.4571983694725636,1.8978977204672374,-2.081430822460394,4.8210988504338825
0.3249720151671548,1,1,1,-1.3428310081991284,2.3444614317199077,-4.425214554041498,-5.434427056514413
0.5274751982295088,0,0,1,-7.310263304221314,0.015776160041447995,-1.370902934183769,1.354800895738068
0.4578836223673953,0,1,0,-4.1081566705156405,0.6660965934354555,1.273203787627627,0.11831273956578812
0.3993179226421945,1,0,0,0.4121692372842115,0.10909125688095489,-2.0217839676225733,4.245653130155514
0.40316230586691454,1,1,1,-3.190975889353132,2.9174108211880068,-0.6815231310537111,-2.5008367704714716
0.4233329316997351,1,0,0,-2.3438849079549104,0.17919351017100005,-0.050110070590199424,-3.0284333146119513
0.5205088208333464,0,1,1,-3.524499517651533,1.7968837080335707,0.6420049251042469,1.3861832099843912
0.34255512234855184,1,0,0,-3.477293551412381,1.6142304605340425,-4.909560639567555,-5.531067291478497
0.81606732555407,1,0,0,2.7572352567643277,0.33552910602588015,-0.17366614145859519,4.584213756130644
0.6361523770799511,0,0,0,2.740165670601894,2.767987609901655,2.8609140462118967,-1.5736529298085327
0.2818748766089744,1,1,0,0.21460773420722806,1.7895998249133371,-7.01384335827775,0.3433508412478276
0.6514832499066863,0,1,1,-0.8298678507804409,2.263380107797034,5.880327345710776,-0.35391751317707376
0.5758963465507417,0,0,0,3.745906705869877,1.9930813394795168,2.7300619791377625,-0.12322620464175738
0.46061111948166317,0,1,0,-1.3531643056504477,0.7743256837497483,0.36740498567654717,2.9373996043196167
0.6528382755446298,0,1,0,-0.844056660311462,1.9292930508976562,4.307141330741581,-5.520197661472702
0.4474281531168346,0,0,0,0.6353549989937097,1.2989584060155868,-4.429078466454997,-3.1185905775266463
0.3868917356063715,1,0,0,-2.2120228292899484,2.725927332132828,1.825268700410652,-3.4544594031026308
0.7821575308540745,0,1,1,2.8138082508999998,1.3116634456452216,0.45968912408116064,-1.1287686438369327
0.5874341021158358,0,0,0,0.5801251615091264,0.2117165015810053,-6.2398425148116035,0.9757513521616138
0.4521014333465695,1,0,1,-2.5983988950744754,1.8798994532725708,-3.863063088369115,1.3897187931006891
0.565659167197575,1,0,0,-1.2669824576042341,1.4338448198261196,-4.649287507798388,-5.203011607126659
0.29284530125517205,0,0,1,-0.7283169909120747,0.21768770652324076,0.9131796915686994,0.5945633134508054
0.384084629910464,1,1,1,-1.9426665059499557,0.7917508672868667,4.389947599482829,5.307171881490982
0.7178924622034094,1,1,0,-4.350796139840322,2.1790888954886487,0.42745529450977365,-0.6030824813476815
0.49146363772691515,0,0,1,-2.2103767066265223,0.28214804641995084,1.9862021870542907,-5.853116282788073
0.6195080988674719,1,0,0,1.9370948874450438,0.9220858743656265,-1.0123969978211607,-1.3005002435451924
0.5352226516755041,1,1,0,-2.012618755748368,0.3842663378699186,2.4444873088295203,-0.42052675534443174
0.3149407063614179,0,0,0,-3.932747526959919,2.064920262120298,-0.294581547147015,0.23741400086254474
0.9970731207704657,1,1,1,-1.0152684614027727,0.42800102717814537,2.278872896508538,-1.6871494311163129
0.7131257971871849,0,1,1,-5.073766359653796,1.687013370596161,0.8189029335588762,-2.81868297669159
0.6134538097457815,1,1,1,4.681639130817161,1.0450088296628999,-9.300174592579136,-1.6492073216181589
0.4830900605170212,1,1,0,0.16462241273417866,1.5738063065545005,1.3123708620948162,-7.028753921803516
0.4172315730278082,0,1,1,-3.6629197075772053,1.8365162715141203,-0.8041000291463638,3.7997592064971144
0.42572736908814623,0,0,0,3.69810773058344,1.2186737290723522,-2.113595602236975,-1.7034005532112855
0.5909970258373366,0,0,1,-5.510007264032758,0.18743451571209513,0.49961757113671645,6.856651477110116
0.43001285532729006,0,0,1,1.7022802901478862,2.213303194450589,1.4026772429472243,1.8218565958067368
0.38428524167313705,0,0,0,-1.6649348881203105,2.012454364057345,0.7756953052496749,2.801458321361519
0.5548451125513737,1,0,0,-5.481998099154498,1.857845037771202,2.13005913611659,4.77807255727762
0.4983202953830575,0,1,0,-1.273887188672926,1.4934942836753393,-2.720723112996173,-0.13342769645162741
0.5475745919517998,1,1,0,-2.2586798223587543,0.29950210714055603,3.2599294630642484,-4.621886253148458
0.47551567968282404,1,0,0,2.7664957701751787,1.2208463688107278,0.00825922549624923,-0.6423907061583891
0.6962628119969896,1,1,0,1.8164365187417124,1.5606728882826308,2.441862078095945,2.5163762306404047
0.5104651736238021,1,1,1,-0.24006148437296707,0.8568341285676522,-1.6081722104396596,4.446064058181509
0.5086569969187107,0,1,1,1.7220867171656469,1.2821910241347956,1.1725275914793014,-0.48727176139342343
0.7653796356745491,0,1,0,-1.2192125371717721,2.5651699311508445,0.6723996613306399,2.8836290723131515
0.5018011920431624,0,0,1,1.9049130509789416,0.3241456372963143,-0.5959533445991214,-2.5944022672793396
0.3842752585666242,0,1,1,-1.6411971232171771,1.006074259581194,-2.1501678199282837,-6.292871460641962
0.48272516824621736,1,0,0,-1.8083700068753321,0.22627011951832177,-2.042905851435869,-0.1446179998167852
0.6624133325757051,0,1,1,-1.8224668103324912,2.067576198741247,0.45323999539253623,-1.2521570821514683
0.48829333489139926,0,0,0,-1.2973011160461487,0.47988776326152194,-0.29796512370280814,-0.08110896314480813
0.2815948461562803,1,0,0,0.3898758946641646,1.4789154769717185,0.23518001867748417,2.3792310773822423
0.36912856650877024,1,0,0,0.19459421187455617,2.7834870906950284,2.858366990278297,1.2504001974460062
0.5281340994581023,1,0,1,-1.4463545718871926,1.970646167435218,-4.784687528587681,4.181727670400157
0.29853322805687793,0,1,1,-0.35889035664697555,1.2552153863175337,-1.9119287326228367,-1.6469145292189347
0.478415511658265,0,0,0,2.941088393487663,0.3250989692110253,0.36175727400833724,0.5729709430803804
0.5087724016631442,1,1,1,0.6566186255638192,0.5496003795337592,2.486188193622935,-0.8607691177045269
0.46624154793924344,0,0,1,3.671904400796927,0.34352343210645797,-4.2538863903937045,5.159365439655079
0.5435683058357953,0,0,0,1.3000993235748637,1.2917707404362355,2.1415035571409473,-1.304211769775973
0.5993181330042315,1,1,0,-0.20464491500422688,0.1788516506706318,-7.722923354584978,-0.6204085872426361
0.6531751422038727,1,0,0,1.6652326999489397,2.646305342913336,-2.669790429930646,-3.5737784904556644
0.6190884778343728,0,0,0,-6.84706491822174,2.807249598927419,2.5034918567595463,-1.553117596361441
0.6146955479555819,1,0,1,0.10141099198188344,1.2313413744683999,3.951928204263485,0.4120551721765803
0.6475016838673436,0,1,1,-2.8270607246870307,2.8994220806455853,-1.5391497339688933,-1.1602611459416932
0.5722384471863741,0,0,1,-0.551213972287445,2.496632183466148,-0.24945923992089064,1.8258111004801558
0.5462734373935185,1,1,1,3.5338464352702026,2.7868875763041583,2.859900902519777,3.3859811729685765
0.532569159490288,0,0,1,7.408946321504827,2.936383486984505,1.6521261520438362,0.5210571359746003
0.7276935541201379,1,1,0,2.9126272342296047,0.905753155579734,-1.9383169075044857,1.8332604596903601
0.3896282069952441,1,1,0,6.309516202429252,0.46824047834920224,4.138514193271195,-0.5065019202912588
0.35173126840746227,1,1,1,-1.2914765661561782,1.531342753641166,-2.1854000142726844,0.6533546903054388
0.30741256522340643,0,0,0,6.866098862561983,1.7166360094089628,4.350242946309751,0.20228232631538948
0.535887300893603,1,0,0,2.5055684262217963,2.837422820731313,6.292004880778107,2.6077556183403003
0.5818423487586779,1,0,1,0.15895035425003534,2.470967445069636,3.6080956051649085,-0.5312116164696821
0.544606597144193,0,1,1,-0.09090500784505463,0.9147180704171265,-2.912716761773906,-0.85062416908902
0.6255177897368055,0,1,1,4.766971420310705,0.03172851980355662,-0.0036301647194810042,1.5201061909530853
0.3530169628680356,0,0,0,-0.6435102552519251,1.2158158663534058,4.241562509241771,4.898197002548332
0.16873359609122238,1,0,1,-3.1956613251024666,0.30501902732371966,0.3327036296820446,1.450894054798923
0.551167485460289,1,0,0,-3.5148123940986413,0.045076176345275054,-2.8196078131203346,4.755859644481156
0.38735249089553264,0,0,0,-0.4769163339775924,0.5548334777987547,-3.5916460244840054,0.3500153616052677
0.5154549356878974,1,0,0,-0.27303470602229485,1.7230907720159199,2.3387126839693044,-0.807176295385204
0.6703312453217689,1,0,0,1.1445840470290232,1.0845400016913078,-1.754174955161298,-1.8436874105555288
0.1314762837157191,0,1,1,-4.346616860532551,2.1851972258306462,2.8326689794684454,-6.790697138732838
0.7076614778640921,1,1,1,1.4515124250404803,2.1168047016501523,-4.067692839833926,-1.1847066767569796
0.5199011503508552,0,0,1,0.541509214171737,0.41685162765293216,-1.8419922964208124,0.31927541041200386
0.49189165373018284,1,1,1,3.9771180253183123,1.3726984453249065,-4.900591380657371,1.274019184362596
0.3500591482299588,0,1,1,0.0526152861778151,1.4674243994764375,-1.0316654910607694,0.061652658581397346
0.49418799233684796,0,0,1,0.7022761782468391,0.1000168528980031,3.015805550020957,-0.7141521287315625
0.0,1,1,0,1.3782568983343513,2.76723630733858,-0.3207334507606479,-0.285562531198919
0.7484227122566597,0,0,1,-1.24337786069788,1.624130835698407,-3.700784264975046,0.5671636057518599
0.546251043586694,0,0,0,-2.057311519667814,1.3013861930755577,-3.2559725904170818,-3.1349499584438334
0.32535918829076715,0,1,0,-2.223267489127893,0.5738632357166028,-1.4820136660870329,0.5838426521485209
0.6204341002778778,0,0,1,1.5269160878151413,0.6425525822015574,-1.755145235440763,-0.8936242974028775
0.4220534828714855,0,0,0,5.780309364273658,0.3064413293057606,-0.4305586325551857,2.3924461910260346
0.4291073655282303,1,0,1,-2.6341259329563846,2.199342040710124,-2.049629017040861,1.2259699674379956
0.6105571520185991,0,0,0,5.667032402287626,0.2223162697090848,-2.9979302374621595,-3.55625977624517
0.37071211372235147,0,1,0,-2.0337673068356725,1.8301417642304323,-0.1640831249171159,5.2109264275226135
0.6717280351948267,1,1,1,1.7293731931742116,2.8267840237797124,2.121979356172264,1.3775631703238573
0.284568511825566,1,1,0,3.8067359354226906,2.7124017326905063,0.5881123084429108,2.9817467514927767
0.3312359713184823,0,1,1,2.6528711948018113,1.9390975481093864,1.1417977894227453,1.247230278579783
0.4929259690845784,1,0,0,3.1450514584629783,0.7167664286514732,0.8991377367159878,1.0434488387150478
0.5054365222312509,1,0,0,-2.452009921725149,1.4443852303634903,1.894619504339991,3.6440104696151954
0.4486861291832264,1,0,1,-1.2513843398726383,0.24421886655075076,-0.17858915387292923,-5.553492370367858
0.5927786144762354,1,1,0,1.557994279928526,0.38593945005064534,5.740964049595812,0.1971501669965048
0.7622711236265638,0,1,1,-6.420060078068961,1.017779074880494,1.1862118840787053,3.576139240311157
0.47902928960417185,0,1,0,3.2473323632269677,1.303210286704203,2.9218517749483204,-0.9337525744477462
0.662042581467733,0,0,1,-0.7110006326700327,2.9085369678715507,2.0625143262211525,4.9427251155266125
0.6183957703277435,0,1,1,-1.9789625104004487,2.3206937739636504,-0.1725288300594302,-2.0792009757751906
0.6940681025167756,1,1,1,-2.879899178194284,0.9509538342655469,3.6565042344502316,-4.223600375462544
0.48378215756419046,0,0,1,3.177504300893865,1.362939939546798,-0.4493810581400778,1.0766214373326064
0.4201099030771921,1,1,0,1.8054222126797312,2.6596824782500397,-1.8264791830582943,-1.6497588936090994
0.5300360696213348,0,0,1,-1.9922680659373389,1.5613830712453105,2.842211284086104,-6.359807049683335
0.5501515235010087,1,1,0,0.2664467940836499,2.4395695544414293,5.005792176304455,3.0492659863178453
0.4858515804525671,1,0,1,-0.48374456481668304,2.1397457968593185,3.181964739713143,0.7322071115789028
0.6896303111983969,0,1,1,3.1608744006075424,2.597564141598575,-1.4822894651459906,4.175425350753214
0.7882220591187719,0,1,0,2.2736570328968853,1.7692919530968345,2.346379568070594,3.0460192649868434
0.5899038180949859,1,0,0,4.8324573321370945,0.0015194445921885569,1.2193291855602413,-3.57187139399164
0.47591518120327053,1,0,0,0.11089349251330655,1.0964891571121478,3.726593646143002,-1.5603545909730567
0.4492592443693591,1,1,1,0.5659608604212786,1.6602411153366194,4.997801595857952,-2.910006998261489
0.2794696393573833,1,1,0,-3.2187836229024125,1.5261230610984002,2.4674375376445576,0.7165979088333493
0.6299152190231075,0,0,0,-0.5731664469123163,2.2300595677734076,-2.2321927165443656,-3.7559166797930947
0.6486120808012357,1,0,0,-4.1459899845465475,0.5179561689783344,5.7720545959306495,4.609222485054271
0.5434575122267088,1,1,1,-1.196269373093429,2.4862753325748477,1.1582881183962286,-4.347377765992446
0.4680197596056178,0,1,0,-3.508066351645659,0.9277326118221175,-5.59573317897155,0.38848481716105254
0.17717575740415392,0,1,1,-5.479909215204188,2.5128075191968975,-3.623848207788443,0.9871774539256308
0.589739500684677,1,1,0,4.219401552740756,0.9494206132893251,1.227519958513665,2.8316977113157646
0.5382658611781568,0,1,0,-0.4078666105702897,1.9982819557921991,-1.2467722528076841,-3.85052739063347
0.8072453293435591,0,1,0,-0.5624225782143228,1.7529209487391595,1.0090929888623668,-0.08313064350008295
0.40524201011745953,0,1,1,1.4144313178652421,0.6901186965605917,0.9750823720816462,-3.5179188849441787
0.3112047961088416,1,0,1,0.33800068220571355,0.832586603129075,-0.256794372401386,1.6406902407408916
0.5704920579342443,0,0,0,-1.0153413677190644,0.6597195067080005,-3.5310854658805884,6.768593314075467
0.665483649088213,1,0,0,-1.6303170946263001,0.2848835247432311,-5.765684897979886,-4.047791469851534
0.5923108806706222,0,1,1,-1.0287924662202552,1.9635660452434767,-2.836494406316964,-0.2549334086734042
0.6466039087710772,0,1,1,2.117922506551309,2.8564306908180424,3.2468142201144703,-3.5114121079105756
0.5115774844922233,0,0,1,-3.4626183997103377,0.41574678247719066,-4.246115483288787,-2.363265483057626
0.23083728963025396,1,1,1,-0.5263462731295157,1.6855690066782594,-3.3880882926632436,4.074336333864709
0.49101663740487894,1,0,0,2.752085071929565,0.049439205232909345,-0.407501248366667,-1.547035738926695
0.6438330962449132,0,0,0,-1.0697107812318196,0.13125904640692476,2.922198416239929,-1.1398325123910453
0.4997240741990419,0,0,0,2.6612455734520113,1.1244817818280257,-5.162568628153768,6.7383356671517145
0.6987520907999869,1,1,0,-1.3577598676589622,0.9867647119848083,-3.501023144427598,-2.4260396324870412
0.6517034607237099,0,0,1,-1.7937450920023639,0.9360186913146545,2.8469903085947723,2.6300799066250296
0.6077684032716612,1,0,0,2.474555041577835,1.9189035668766972,-1.0065197032262436,6.733935484959639
0.6049246816762359,1,0,1,3.035826940219631,0.47821149440158084,-5.694232469715087,-2.8911594980667177
0.5140735633740015,0,1,0,4.035269856842342,2.8340253678013516,-1.7305893533186576,3.964465241213552
0.45080348352365507,0,1,0,-0.3781260656404949,2.6480002101149895,1.7008797250246293,-1.9787800557927966
0.734067583989892,0,1,1,0.10130629911249295,1.1419158411601784,-0.0369090373495944,0.9197215525221158
0.2859458435136855,0,0,0,1.5438614646861644,0.3785343357235956,-1.9685078832413168,-2.253243200082343
0.35490557536946055,1,1,0,-0.49871902778864174,0.12180988588616659,-3.680461991431928,-0.19185442951408305
0.5813904478196875,1,0,1,1.0260761574355461,0.3159325555339665,-1.9213765278220563,3.5717431008506795
0.5040789599114117,0,0,0,-3.498841287269483,0.6469735238538978,3.129156883180671,3.0210213791713407
0.3311079280492915,0,1,0,-6.085982612623027,2.9110477217903235,-0.17415200420329593,3.2336437450654563
0.609375915508845,0,1,1,-0.6329453270900725,2.218167035769607,-4.49798473769504,-0.4424972424015685
0.4299229987077506,1,0,1,3.938573353939164,2.536522699918436,0.9442423548003263,-2.0503508755936086
0.5391495402684908,1,0,0,-2.9129231584776365,2.054148955336811,1.964467446287194,-3.083558122313138
0.5649324054756666,1,0,1,5.798634713769484,1.5488146923039354,2.8155134287931944,2.7296945596810858
0.6822902607693685,1,1,0,-3.6295698841083794,0.8192176807291431,3.3179259842466173,-0.2978104714899126
0.3337417215677961,0,1,0,4.041409884935376,0.6702325557488928,3.2625043554812754,-3.9426101453332496
0.604429134197613,0,0,1,-0.25540933500490265,0.08340868886486041,0.23805246756248427,-2.9628319257372713
0.6289552232089922,0,1,0,-0.15600288323028183,2.3622565646225056,-0.35682994066425644,5.220131135995452
0.3912020007236563,0,1,0,-0.22519552121051184,0.8971659551390527,4.886166125262115,-1.824791182385956
0.35866512372815434,1,1,0,-2.097155563309348,0.4109529267252129,1.3048283555233415,-1.0858072868289061
0.21636499849542554,1,0,0,-0.31195809116540607,2.0328645150457767,-2.3325555647675627,-3.2241570052047868
0.578166715174497,0,0,0,-2.864609439296162,0.06896845829642073,-1.9591437681477601,3.3848657821747823
0.5847265636250302,0,0,0,-0.3874393697726887,0.3858076806371341,-8.37758812591489,4.006188575485192
0.6887284021515051,1,1,0,-0.6033338921403708,1.8874110075108304,2.413153403741471,1.712479892917882
0.5152056591711457,1,0,0,3.78889464003342,1.6183126192103487,0.23831310031246855,0.7416319466617741
0.5110899859235939,0,1,0,-0.11261651498677983,2.787062194109953,2.1758390207495237,-1.4380107493785417
0.5152835081236264,1,1,0,-2.5503985204441286,2.156997151692027,0.5452932936663543,-0.25454121223083237
0.6737104732573653,1,0,1,2.8783206945610083,0.6661455508592378,1.876948177395112,-3.5308324942521576
0.4904410311944048,0,1,0,-1.8208665144471061,2.4860814273182026,1.5261489574112235,-3.802801444500206
0.563656496148661,1,1,0,0.44324561042049276,0.3848181922006555,1.873850422060032,0.9117682965524221
0.3265189889638577,0,1,1,2.8992332275935695,0.6612158980703516,-5.023745802465433,-0.8900847393097044
0.33873062393653486,1,0,1,-0.753103624225096,2.344716536711287,-4.378733720923382,-1.6114061489524487
0.3684500662868258,0,0,1,1.4197877474890621,1.6464647456882324,4.036947514591189,-2.522760916820183
0.5524369112190436,0,0,1,5.533690506116878,0.17073194454229057,-2.663466585879344,-0.3060642315719011
0.31158511046935633,1,1,0,1.4988942540531844,1.7639589544103185,0.8080145308692684,-4.140119454061539
0.6877872250783441,1,0,0,-4.213489580185087,2.3881330884592127,2.294934226171505,-7.61362953247116
0.39163654785600344,1,1,0,2.0793725248509007,1.4867723651140479,-0.6584419970513713,-0.9759611379820579
0.6840713426141041,0,0,1,-4.472710559907342,2.9270518270724226,0.5487599290509472,-1.5287255144319878
0.6319063417564473,1,0,0,1.0221133943848848,1.8614331099170796,0.4857710314997662,0.9434888891698923
0.5609586300792577,1,1,1,-0.3606046601925483,2.162924986067993,-1.2495818869262196,-0.3859219391259565
0.5094085594698785,0,1,1,3.5935052146010813,2.0587724930019626,0.013046389850230728,-2.652091064972832
0.48395494922745824,0,1,0,-0.7576676872101563,0.7410393671011519,-1.2318170032541618,-4.420535997059686
0.6341765799834916,0,1,0,8.537416031722127,1.7062624229573604,2.751955040027176,-1.3182927391913433
0.5173904403219816,1,1,1,-3.17242365771798,2.1844676359977555,3.599772648567117,-1.0772383308651277
0.5180174000480254,0,1,0,-5.066914115892562,2.402463705792388,5.118354056479713,-2.3408082964070935
0.7612399237579474,0,1,1,-4.4168208098016795,0.7408526460094825,-1.6125966090584087,-1.0781083852450446
0.40628137047640583,0,1,1,-1.7310083502357991,0.38109711232994925,1.4230294137001818,1.612261472300018
0.5241767927765805,1,1,1,-2.2889477806938454,0.9944455198968429,0.4643749562468147,6.02003139406917
0.6161618805615442,0,1,0,2.4982747548531545,2.478229867892018,-1.0025150338967115,-0.9681227487399994
0.3073473924333381,1,0,1,-4.72829534035787,2.2468084818764433,4.316633721093857,-0.26868679334091883
0.7681677007577812,1,1,0,0.1942467167815739,2.077169221254128,-0.023539243605866428,-3.608076316899786
0.39613066257475366,1,1,1,0.07102900391496478,1.4132924578508677,-4.870153917623291,-3.896303166922754
0.7523537987864145,0,0,1,1.2573669523758733,0.49642649108665826,1.5871382262370375,0.38693995324967717
0.5674869536700177,1,0,1,-0.819288759914595,0.7324870887070245,1.1551857033358808,1.026923574441775
0.3971251320105691,1,1,0,-0.7134003516031112,0.7316535996894222,-1.3112548642808475,-9.035737089689297
0.34123395774009324,0,1,0,4.302005479048775,0.0481877732718784,4.86031512735002,-1.427532342567825
0.24504225628542886,0,1,1,3.7640179362448034,1.4203988399052379,0.2699558487005004,0.047289693029117355
0.23680910464526803,1,0,1,-3.077479448029925,1.330748256689954,3.3403944087547153,-2.1769308868777024
0.8398103406008681,0,1,0,6.302410891154798,2.4192796654842508,5.380854802631341,-2.734719791997942
0.4571625084002621,1,1,0,4.12722033472532,1.9447991079763036,-1.7746201189259143,-2.006831712205693
0.7230325544810083,1,0,1,-2.1672008077393072,2.9409670944908934,-5.278839466561094,-2.733785536020564
0.4671356405429019,0,1,1,1.6828474223456373,0.777010369151619,0.5037407392501008,-2.706584843363281
0.43431324425260326,1,0,0,-2.129660365632316,2.0657881390762096,2.157503939860534,-1.5247183976453593
0.4527794143600454,0,0,0,0.9396734681002408,1.3802005748136053,-2.7460413720386594,-1.8786076817507558
0.6521795615174603,0,0,0,4.466703559724047,0.6760786391637793,0.7847679880156745,0.5465064712089452
0.5186809562587064,0,1,1,0.29927882931876615,0.5347615913874073,0.8758245500337609,-1.0042869197295734
0.6268546758620236,0,1,1,-2.2517477287713286,1.6976887494653132,-4.291289994523753,-7.948714132950099
0.5256193484522396,0,1,0,-0.10669706454903223,2.6400968612653224,0.26166958376078236,-2.0681852424958116
0.6311476675513369,0,1,0,-2.6750975911550414,0.6253363959318201,4.622534076281196,1.1251342649292522
0.535726656973213,1,1,1,0.9218930213744261,2.859094220896889,-2.510114756441456,-3.0865976116299207
0.5808896168528555,0,1,0,0.4090750724851288,2.8997651438316248,1.810075536379935,-2.6556431981261293
0.45733618831060496,0,0,0,0.07044467008387807,2.2799880557575274,2.282177830360943,-0.3267747677240588
0.6589150880383945,1,0,1,-2.4888452229517957,0.13753182891474802,-0.5343390846303424,-2.4716050673989756
0.6506231280328931,1,1,0,-0.41502160169603364,2.181339012212868,2.726573083803586,0.44959511043607925
0.26966034279229,1,1,1,-3.766247919796018,2.520012019254987,-0.5521926613909545,1.0256463623727974
0.26300371473392137,0,1,0,2.916659483438602,0.15069492396294304,0.393463262682206,1.2074784181939904
0.3251614771660257,1,0,0,-0.6981907496999735,2.4256840657122583,-0.1809251842184248,0.03987184740848186
0.5648212924132324,1,1,1,-1.9461375431914445,2.5923902330045445,-0.9921948810087176,-4.908424020305597
0.6059083590778875,0,1,0,-0.705097517668849,1.4373138100937595,4.6658672010276305,3.4636408948149646
0.46340969146508526,0,1,0,-2.4829940044271153,0.18463850833484186,-4.763489055911913,2.1621345444454922
0.43599771165738377,0,1,1,6.605651863698791,1.018747839934599,-3.1813379785231106,0.7856642651570329
0.663740148931961,1,1,1,-0.6578764592491957,0.3577447510267572,1.433514993170522,-5.806620941489356
0.5603060550263805,0,1,0,0.9718111493001284,0.2996350159184371,-1.7358650782431155,-0.5411012331704647
0.3405290127270312,1,0,1,-2.749779464991288,1.674098329669539,-0.9024042683978315,-0.4796902642502669
0.5617403212170997,1,1,1,0.22446994274676324,1.397703575685768,-2.7328337200263935,1.0282498836406537
0.42126036905213304,1,0,1,-1.9379128813852549,2.8075555633147475,-1.9720321529732705,-2.398503041026059
0.2702352518044441,0,0,1,2.97194832078256,0.5827733798537504,-8.938672233564784,-3.288077762490848
0.3759070470582814,1,1,0,3.688316145523377,0.21242621343827528,3.8092991776466887,0.7975554122506248
0.4160275267370623,0,1,1,0.7788661755919561,2.3397634781079626,4.184847901209654,1.029284143250524
0.6188727450540968,0,0,0,2.48307141779904,1.7548809798352993,-7.188739520675643,0.1560262009055744
0.45221780958665153,1,1,1,1.3660474003341343,0.01539848453494519,5.899258717492438,-1.5490072168425069
0.45459243704028807,1,0,1,3.8725178841667494,1.5669706929601763,1.2928494136166475,2.7934297081915114
0.6417194202077295,0,0,0,5.919942230231629,2.273842254004042,1.1595943978552679,-0.8403393756512405
0.5372490922636938,0,1,1,-1.7971989452692225,2.388909995392347,-6.3020387731410565,-3.994964184817103
0.4534313951996485,0,0,0,-2.142501865681653,2.4726317484116476,0.2516832280248583,-4.422883633349375
0.36254746423567014,1,1,1,4.853911900569316,0.5757742628000533,-0.27338773353588225,-0.1656855426727521
0.34608344436758254,0,1,0,-7.944691057435714,2.727640611961236,-0.49198947838226686,0.9894409885927545
0.18861573699029938,0,1,0,-1.9422654983205963,1.574467917140231,-0.12726889036009886,-4.176500661096651
0.43544741616692295,0,1,1,-1.806116627148607,0.24604895585215136,3.022126417619118,-0.7219940910699436
0.7137145067240211,1,0,1,2.9856466589151807,2.126148235139197,-0.4379842115504045,1.4461342734648626
0.5543681410935593,0,1,1,-4.6394173186792385,1.342195487598599,1.6836710611229058,1.2684198459225557
