R,Q1,Q2,Q3,Q4,A1,A2,A3,P1
0,0.7689365532400884,1.555364216408615,6.56005305584448,-0.8696004991462674,0,1,1,1.555364216408615
0,-2.2381907644643904,1.322968827966026,2.4203215221167724,-5.913262654334215,0,0,0,1.322968827966026
1,-1.6503820512729521,2.7326824836964194,0.29012105958682216,-2.8704285349630045,1,1,0,2.7326824836964194
1,-0.20929201299070788,1.3899466583906714,-3.1903565056674235,-6.146140706153915,1,0,0,1.3899466583906714
1,3.26704819561034,1.4718479062679566,-1.0401558229869061,-3.4350268151302554,1,0,0,1.4718479062679566
1,-1.519580944128138,2.6562870229069606,-5.1156430178128485,0.9521142574011104,0,1,1,2.6562870229069606
0,0.6196217481825467,1.7554577796049022,4.049997496914883,-1.3152410678629092,1,1,1,1.7554577796049022
0,-3.8912002313712977,0.5790203084899486,0.9683324477676634,-0.7276289065516885,0,1,0,0.5790203084899486
1,3.4441248073894637,1.5425982182171998,-4.923128114280401,1.2356976238350308,0,0,0,1.5425982182171998
1,0.020969258972312853,2.7324940147617887,-1.3339013579705377,0.35502404771587426,0,1,0,2.7324940147617887
1,3.335643946944865,0.14783301800019466,-0.15479294729047285,0.8223008776098402,1,0,0,0.14783301800019466
0,2.837055213268089,1.3157841793762075,-2.799810088706715,-4.413782166538348,0,1,0,1.3157841793762075
0,-0.4857307798122633,1.6373194264937267,3.6075513702166644,-1.0380564176794025,1,1,1,1.6373194264937267
1,3.301149374455811,2.0101346164965834,-7.205971810947357,-0.13744979956360362,0,1,0,2.0101346164965834
0,-0.1573770768196867,1.1680719617662807,3.46593062067537,-3.183815778560107,1,1,1,1.1680719617662807
0,1.7806004902511803,0.3478156147140248,2.931074837712405,0.8533341299465466,1,0,0,0.3478156147140248
1,3.8738211424698443,2.417302759502175,0.06185225186460867,-1.5005498353112174,1,1,0,2.417302759502175
0,-0.8046324263167468,1.537684650536489,-4.024054112034642,-2.4945798094083793,1,0,1,1.537684650536489
0,7.749523260900089,2.7720615404685303,1.4056931026423436,2.6442633147228403,1,0,1,2.7720615404685303
0,-1.1244635409605823,0.4558645248928892,3.102436093193096,0.09438829263528423,1,1,1,0.4558645248928892
1,1.6469580320076775,1.6446129339226134,1.1401165274877607,1.612153807641967,1,1,0,1.6446129339226134
0,-1.0797592406625611,1.6517902077469049,-1.2666214124982054,3.8539351436542875,1,0,1,1.6517902077469049
1,3.0894764598744215,1.7619373502321616,-1.9820209694617308,1.3594082212690815,1,1,1,1.7619373502321616
0,-1.3332094029287778,2.8484341441508834,2.829859933079508,-1.812200878390728,1,0,0,2.8484341441508834
1,0.024568460824236762,0.9632998002530785,5.006383449884117,0.4332480049407573,1,1,1,0.9632998002530785
0,2.8850431140709625,1.538510278815893,-1.4576812672372537,0.5476691060077425,0,0,0,1.538510278815893
1,-1.909818304338663,1.5278869232302372,3.372468202114644,-1.1013938430173649,1,1,1,1.5278869232302372
1,3.3767616293480973,2.3834382981797653,0.04561348079155244,-1.8595568925649086,1,1,1,2.3834382981797653
1,3.105703956704005,2.9703304641272,2.285463943372693,-4.95869497628523,0,0,1,2.9703304641272
1,0.7450910540650746,0.6163305440371486,-3.0822408270204127,3.9185700309018374,0,1,0,0.6163305440371486
0,-4.117984701694674,0.10056897224817973,-2.9994162086742495,2.4239568456731737,0,1,0,0.10056897224817973
0,7.309389945258539,1.3524146251129943,-0.7429025801025029,-0.5507325820018101,0,0,0,1.3524146251129943
0,-1.3737137335249043,2.2719565921040843,-0.41691352176301,-1.4599362529621023,1,0,0,2.2719565921040843
1,0.5538949149194513,2.782723394876932,1.5061920163961513,6.0835748153906595,1,1,1,2.782723394876932
0,-5.108287139173184,0.44885583801729945,1.1160424735468188,0.7148816225097412,1,0,1,0.44885583801729945
1,-1.7690398633363615,2.458162396725487,0.7897117559749788,2.4112376145481083,1,1,0,2.458162396725487
1,-8.41067160915131,0.9651986265736193,6.827283778640401,0.5119835674413938,1,1,0,0.9651986265736193
0,-3.6046707247110765,2.5027849844285712,1.2064859523238263,2.006260539515648,0,0,1,2.5027849844285712
1,-3.6709649178366877,0.47642335726690577,0.3683008545532148,2.826702754804071,0,1,1,0.47642335726690577
0,-1.17762908712781,1.209750697233591,-0.50024048988133,1.1836614256148446,1,1,0,1.209750697233591
0,-1.8174838637872623,1.2595120906396173,-1.1834774964994192,1.557273661310735,0,1,0,1.2595120906396173
1,0.4029359835178862,0.37631544461990585,-0.8380175904693857,-0.203259124083294,1,1,0,0.37631544461990585
0,3.22160850041346,0.6651241197389002,-3.9635210285842457,1.213727914017717,1,0,1,0.6651241197389002
0,2.445840988766703,1.261358939086025,-7.373266164323711,0.6114001260438116,0,1,0,1.261358939086025
1,-6.076619813363402,1.2372535668289473,3.752443438907834,-6.543420947447062,0,0,0,1.2372535668289473
1,-5.182946487049806,2.3878544332696343,1.3093546892040957,-1.279946420752847,1,1,1,2.3878544332696343
1,-8.263090859195806,0.9250888414869938,-0.8233476475591808,0.32392769549031664,1,0,1,0.9250888414869938
1,-2.0276010953192847,1.4902496967189378,0.2867016365014919,-10.81315581976331,1,1,1,1.4902496967189378
1,-0.9434431128790911,1.822021982253809,-1.9227932253556905,-0.15704032785880012,0,1,0,1.822021982253809
1,2.5520976249846163,1.6197797556419924,0.0923026721987419,0.06566010082973121,1,1,0,1.6197797556419924
0,-1.8379462468486647,1.1197340427244158,-3.1795791300493956,2.8026555358245897,0,1,0,1.1197340427244158
1,0.22780892253392052,1.7216174666244184,-1.0748305488957843,1.9330482370705377,0,1,0,1.7216174666244184
1,0.6993539815818449,0.26991152753766334,-0.6624127186038351,-1.1571220520044307,1,0,1,0.26991152753766334
0,-2.0510983844759427,0.8094225208116833,-0.8216156789825048,-4.519364389381481,1,0,0,0.8094225208116833
0,4.7823084568557634,1.1849383452459432,1.6173035261608373,-0.5937352425902624,0,0,1,1.1849383452459432
0,1.3459129773810146,0.3783486947879735,-1.9555371441194087,0.32642598951913415,1,0,1,0.3783486947879735
1,0.19348239730251254,1.9197831669418113,1.387323010266912,-3.419493807177364,1,1,0,1.9197831669418113
1,-3.5568704748751827,0.45996052071596205,-2.639189957700084,0.7720645028119096,1,0,0,0.45996052071596205
1,5.2798748201728465,0.1314279694179089,-3.32585693326239,1.908743465211606,0,1,0,0.1314279694179089
1,1.5798065012487312,0.366470475338464,1.4642922398305274,1.3113243920749666,1,0,1,0.366470475338464
0,2.157465170776044,0.6709185105309075,-0.5959252071692078,2.2289701198836878,0,0,0,0.6709185105309075
1,3.186193494480703,2.6058070814115655,3.3731456387965437,-2.6767410409021632,0,0,1,2.6058070814115655
0,0.9583853441017154,0.8860390380621925,4.135795535997629,-4.065805324160115,1,0,0,0.8860390380621925
0,3.5322143316285377,2.6796779306505796,-3.023125891600775,6.352918404787198,0,0,0,2.6796779306505796
1,-1.2021440892794626,0.3214727420119702,6.135293762876424,-0.6521390273282757,0,0,1,0.3214727420119702
1,-6.427022782203443,1.283155939826379,3.1168985980474213,4.706129760572524,0,1,1,1.283155939826379
0,-0.6295272197302348,1.5494439363054995,-1.849178107566371,2.371147182359743,1,0,0,1.5494439363054995
0,-1.7133773786933881,1.1788891526277323,-2.003104846931266,3.3237554390670327,0,0,0,1.1788891526277323
0,0.48670683149927585,0.7736604353268187,2.019198308212024,2.375972715092165,1,0,0,0.7736604353268187
0,2.0760985201981494,2.3454335788025653,4.8334225410756115,-2.135755719241659,1,0,1,2.3454335788025653
1,-1.6419295664954703,1.8741692729829367,-7.267427073479909,-2.0915303273874537,0,0,0,1.8741692729829367
0,-2.2400824099158267,2.336144865425131,-2.6664758490551295,-0.8795119420060267,0,0,0,2.336144865425131
1,1.4021091478452345,0.7959253453744625,1.6809805307421115,-5.180708902825074,1,0,0,0.7959253453744625
0,0.33961820161537515,0.5564441523640096,1.1829792102292194,0.5749025420408559,1,1,1,0.5564441523640096
1,-1.0147619762947935,2.6697030647343034,-0.09224194798208427,-0.798276649145159,0,1,1,2.6697030647343034
1,-0.34976653120199047,2.3352976435975767,-3.8755774729962127,2.06767311960863,0,1,1,2.3352976435975767
0,-3.671779076249832,0.5362864175209321,-1.0768557492019812,0.2726843168534614,1,0,0,0.5362864175209321
1,-1.262954659355267,2.9139669084909614,-0.47210100691822227,-4.399423193218174,0,1,0,2.9139669084909614
1,0.9642163781180452,2.1555094836548347,1.3945450953488039,3.741015120111893,0,0,1,2.1555094836548347
1,3.613934434497922,1.8922771537374268,-3.172160903854561,-2.391110432063836,0,0,0,1.8922771537374268
0,3.78518329032664,0.1754510968254368,-2.186708355976718,-3.6066294214436754,0,0,1,0.1754510968254368
0,2.111931443940422,2.774761292677675,3.620195140785376,0.8074722821503602,1,0,0,2.774761292677675
1,-2.706240487430072,1.7851947572491143,3.057403081483298,-0.41145896073908506,0,1,0,1.7851947572491143
1,3.871721158015339,0.8968819241539455,-1.3792102139436813,1.017717966894506,0,1,1,0.8968819241539455
0,-0.5203321172987989,2.6404502981957227,-1.0975638333153803,0.938492487568648,0,1,0,2.6404502981957227
0,-0.6474011280424559,0.2253425988892852,-2.834386113267287,-7.104005976865018,0,1,1,0.2253425988892852
1,1.3101333439571399,0.15250699666166723,-6.714377402637982,-2.2478524171534344,0,1,1,0.15250699666166723
0,-2.679689753914766,0.861534365066763,-3.8399516144310404,0.8155250480386991,1,0,0,0.861534365066763
0,-2.1391798449770008,0.7249572989984754,-4.576944837630158,0.25675097617457077,0,1,0,0.7249572989984754
1,0.8229296760890936,1.8687966896289017,1.318636992621199,1.9230668218236842,0,1,0,1.8687966896289017
1,-0.42250684383183823,2.3702150137440188,1.886823186815354,2.0830352899467224,0,1,0,2.3702150137440188
0,0.07481466438267649,1.2269623088313266,2.5172713362863006,1.5002880199069817,1,1,1,1.2269623088313266
1,-0.6091863153808921,0.1590018897506661,-3.7560469298559207,-3.870613351242583,1,1,0,0.1590018897506661
1,-1.9350484284221356,1.8832939489234906,-2.553862796259478,-2.033447681287318,0,0,1,1.8832939489234906
1,6.4223726521072955,1.888291767022249,3.289767475670767,1.9928427942803761,0,1,1,1.888291767022249
1,4.683812049918214,1.4495652184072352,-2.69809583965485,-2.927617330415382,0,1,0,1.4495652184072352
1,3.0761980437606855,0.7875854195690786,-0.8608331534687937,-1.5187836551188165,1,0,1,0.7875854195690786
1,-6.3295661970306565,1.1458636098159323,5.385575278427778,3.8103233931459535,1,1,0,1.1458636098159323
1,-1.4922794627194882,2.946734076357259,7.05637316745114,1.347658508263009,1,0,1,2.946734076357259
1,3.339879712918378,1.934628624889664,0.05602008545908936,-0.9142251629388884,1,1,1,1.934628624889664
0,-1.9702543663318446,0.3076480756730233,-0.3601517628478446,3.3981457676585602,1,1,0,0.3076480756730233
1,0.5345857764511974,0.9508792364863371,0.8529769077634395,-0.940805277322591,1,1,0,0.9508792364863371
0,-2.4868811677112843,0.35555454887493254,3.6743576764435923,2.7134290917758017,1,1,0,0.35555454887493254
0,0.12566457472613268,0.6349294969120469,1.4105453146559253,-2.2165328924992114,0,0,1,0.6349294969120469
0,-3.525486250714997,0.33260639301295136,-1.1390919659430958,1.9828127134899667,0,0,1,0.33260639301295136
0,-2.0309788257168533,2.6811216028324716,-2.730289288624548,1.3506866717002728,0,1,0,2.6811216028324716
1,2.395166420478389,2.470152335198535,-0.7312656383503815,0.3415600887280795,1,1,1,2.470152335198535
0,-2.080626595890538,2.8795805460874693,-2.8974022891814646,2.516052350991616,0,0,1,2.8795805460874693
0,0.9321349176301595,1.1133699314408307,-0.20323462556040545,2.9164793325395912,1,1,1,1.1133699314408307
1,2.4696891732129815,0.7461038717980673,4.977554785396427,2.9004164179326226,0,0,0,0.7461038717980673
0,-1.6882611296274206,2.934865077349597,0.22725910001876892,-6.1405868022365,1,1,1,2.934865077349597
0,4.780280715001623,0.6377286829363351,2.911040758116257,-0.14737312974353484,1,1,0,0.6377286829363351
0,-7.543951369325802,0.65017846974058,-0.2694821446161884,0.6524102353247123,1,1,0,0.65017846974058
0,-0.3040427271707412,2.8305392554800837,-1.1014305877092156,0.48563372171628394,1,1,0,2.8305392554800837
0,1.346529092702021,0.2543588777102992,-0.4389274024894021,-4.612323616153719,1,0,1,0.2543588777102992
0,5.031075763544436,0.21720021318980987,-6.722681381261456,-6.099082692437117,0,0,0,0.21720021318980987
0,3.9198769103439535,0.8843680258418753,1.1151428034428756,2.700806350448606,1,1,0,0.8843680258418753
0,2.8837939903022445,2.7464448587314068,-1.0362070430483845,2.845403639242741,1,0,0,2.7464448587314068
1,2.144200905101972,0.9883671258695219,-5.978488129714728,3.0778396462753568,0,1,0,0.9883671258695219
1,3.8864928803158536,1.6332732797409983,-2.3796642594458355,-2.498726539414944,1,0,0,1.6332732797409983
0,-3.811691568979213,0.32882555974581695,-1.0204565894162778,-8.970377975428473,1,1,1,0.32882555974581695
1,3.9212313270864727,1.1154426609263852,3.29858896404921,-3.913056297999331,0,1,0,1.1154426609263852
0,2.6614172269818166,0.772181010285982,1.7746797834988923,1.1633746818792117,0,0,1,0.772181010285982
1,2.31298920907852,2.7971126158707404,0.9417498569238802,-1.2939927235741828,0,0,1,2.7971126158707404
1,-0.478689760713639,1.3956238474033804,2.67064514759827,2.7526363833485017,1,0,1,1.3956238474033804
0,6.220930060178205,0.27621365695568956,0.3771263230050562,-1.0043975543969434,0,1,0,0.27621365695568956
0,-1.1647772195952906,2.255708746718675,-0.02568852873279151,0.33794716607414216,1,1,0,2.255708746718675
1,0.2577734453589539,1.3341730646724812,-5.432777539108429,0.6566018884500613,0,1,0,1.3341730646724812
0,-7.131936278972779,0.8740702097742691,-0.14858591924410108,-1.5114969846482638,1,0,1,0.8740702097742691
0,-3.7132898427773675,0.32379584917152837,1.7807478337154083,3.0328364496117404,1,0,0,0.32379584917152837
0,4.160368352560641,1.1711819938424082,-1.680832860698938,-2.1558828215945547,0,1,1,1.1711819938424082
1,-0.4406529895080924,1.7137431381939705,0.6415605607964285,2.231209980510003,1,1,1,1.7137431381939705
0,-2.5121963717359503,1.634890852105102,5.757942655356469,-3.1218622785721983,1,0,0,1.634890852105102
0,2.1159095551476033,2.522276704301296,2.3534822467461476,1.869197064350483,1,0,1,2.522276704301296
1,0.276441133901317,1.7286947699762698,2.634316675394699,-1.3357232239163315,0,0,0,1.7286947699762698
0,0.20530750048237684,2.799395644234961,1.8550642180124974,2.093503544202573,1,0,1,2.799395644234961
0,-3.5556478746959823,0.178909892878499,3.7072928784398114,1.604476874455814,0,1,1,0.178909892878499
1,0.5506273836544969,2.6593418611959674,5.575023605872536,-1.3696410402197832,1,1,1,2.6593418611959674
0,3.6278785889612535,0.6167501506155194,3.517146240521846,-5.2815073641582355,0,0,1,0.6167501506155194
1,-2.57413395112519,2.3027958536297035,1.3892564684566318,-2.355433920033961,0,1,0,2.3027958536297035
0,0.9444827434866674,1.588509121505635,-4.102172252342853,1.8883140990740226,0,1,1,1.588509121505635
1,3.785180110770602,1.6693354196783696,3.4160741175775495,0.1898387393674401,0,1,1,1.6693354196783696
1,-1.4338159169272975,0.7802077854970011,-0.4079545739123742,-1.4127792676681823,0,0,1,0.7802077854970011
0,0.0965465792481417,1.9679348892924649,-0.9029504468985153,3.3804467755554657,1,0,1,1.9679348892924649
1,5.683178161952071,0.6051603262061721,3.508684313683193,-3.654018201513904,1,1,1,0.6051603262061721
0,-0.29195313020077784,1.3614653111432116,-0.2844370931790175,-2.0586924808119464,1,0,1,1.3614653111432116
1,3.516112086998615,1.5798808121383916,-0.4117328992693499,-0.685772780678358,1,1,1,1.5798808121383916
0,0.9126755708483623,2.574366625856877,2.6546611490395082,0.8721696491030638,0,0,1,2.574366625856877
0,3.1151814458549736,2.105663618159485,1.998338710317799,-4.482116186903774,0,1,0,2.105663618159485
0,0.9026239310913371,1.9779501148704979,1.9364906521737248,-2.287015150663905,1,0,1,1.9779501148704979
1,2.810856085823202,2.8534057937376724,2.076561720929447,0.8558185669661078,0,0,1,2.8534057937376724
1,-4.303532075691588,2.823987024595493,-5.209242959297682,1.347051618715823,0,1,1,2.823987024595493
0,-0.1629026016438032,0.4926827257460954,-6.0421763951063685,-2.0236453845061386,1,0,0,0.4926827257460954
1,-0.1800973101284446,0.0017789846565227085,1.0675202415863425,0.3763229064110516,0,0,0,0.0017789846565227085
1,1.9877390357258387,2.159678675175865,1.2086696021425114,-0.6957732457113905,0,1,0,2.159678675175865
0,1.3390050248585434,2.682078421581981,3.477525983267875,-2.6772578244349368,0,0,1,2.682078421581981
0,0.2792479916635735,1.261391398706812,0.6816050952504262,-1.7745595181059683,1,1,1,1.261391398706812
0,-3.98650741189788,0.8716966154912237,2.6592510378090823,-7.64502083519219,0,0,1,0.8716966154912237
1,0.38237240321590393,1.1801862805740926,-2.194166544795411,-2.8178633759989067,0,0,1,1.1801862805740926
1,-2.387291014635764,0.053153182593713044,-0.5538103342301954,1.1864914591593414,1,0,1,0.053153182593713044
0,-0.7542503431024681,0.9709923758959236,-3.95057790227517,0.7672580048735362,0,0,1,0.9709923758959236
1,5.586137602300735,2.4466464956736385,2.0625282102306866,0.22448178520054568,0,1,1,2.4466464956736385
0,4.581788976357761,2.4026280769660535,-3.304155858772025,5.790558869476034,1,0,1,2.4026280769660535
0,-4.792393841270592,0.7696466400095247,-1.6852477377209434,3.8745748470986205,1,0,1,0.7696466400095247
0,1.2705912361616263,2.8054268886538694,2.9033325572266913,0.19835117241681421,1,1,1,2.8054268886538694
1,4.541677288760266,0.5884632623059852,-3.9426095359793605,-0.7792845788278477,0,0,0,0.5884632623059852
0,2.307980685378376,0.21658111813170022,-2.2443674899134183,-1.3705376097552235,0,1,1,0.21658111813170022
0,-7.024626041583913,0.982287854229612,-2.829609784453052,5.59279081324369,1,0,1,0.982287854229612
0,-1.1057133916440751,1.148308971625545,-2.388717977065368,2.3686073957143043,0,0,0,1.148308971625545
0,3.1950438359424957,0.4382920491687543,-3.4271053029264196,2.5957865525970565,1,0,1,0.4382920491687543
0,-3.3767295269900974,2.0228363915906926,5.059603721833376,1.4046013166946332,0,1,0,2.0228363915906926
0,-4.22621615442188,2.966414603811258,-2.6947430916510187,2.020792471101483,1,0,1,2.966414603811258
1,3.747597507028254,1.7786084855228337,-0.770982011523494,-2.026202670000768,0,1,0,1.7786084855228337
1,-4.7817923592173335,0.47491398522239414,-0.7813232272111639,1.9768720964774866,0,0,1,0.47491398522239414
1,3.227569675241809,0.6645933363835002,1.6303039546521607,-0.8030884897254456,0,0,0,0.6645933363835002
1,4.8141032991388855,2.871884015944939,2.381878703651365,2.296050804613077,0,0,1,2.871884015944939
0,-1.0626481914597292,0.3450830289632504,-0.41653219751942905,0.7760782193879702,0,0,1,0.3450830289632504
0,0.012292932669910656,1.386347783288815,6.884673825179074,0.48844518943643617,1,0,1,1.386347783288815
1,-3.5026192215338705,2.6292259059555367,1.6803362771445285,3.2268484792329764,1,1,1,2.6292259059555367
0,-1.8894137579485848,2.3644330416192982,-2.693716452565838,-2.40201506086284,0,0,1,2.3644330416192982
1,-4.438933398339404,2.547454164482101,-2.5774150161344256,-0.7312043888737549,1,0,1,2.547454164482101
1,-1.094005343984247,2.942834936173496,-3.594118809994874,2.0733841005270603,1,1,0,2.942834936173496
0,0.044609064699347174,1.3813353610816201,-0.18065804606539299,0.027802293990360168,1,1,1,1.3813353610816201
0,-0.9508634850464374,2.2036204681457434,7.472204118048912,0.6051735032006876,0,1,1,2.2036204681457434
0,2.261823191691601,2.392510703223605,3.067692189367887,-2.805105841713516,0,1,0,2.392510703223605
0,3.721386503885031,2.3269406299417987,-1.3520360292302964,-0.9136805668564566,0,0,0,2.3269406299417987
0,-1.4781814495567922,0.2931157263818571,-4.22511904984723,-1.5600926194856037,0,0,0,0.2931157263818571
1,1.6798384796071626,1.7223728259452744,2.5867583805912604,-5.778598373970828,0,1,1,1.7223728259452744
1,2.7525661290631063,1.917187552942786,-1.3877735415638885,2.5358307201069654,1,0,0,1.917187552942786
1,1.0059637425923214,2.8448654624870624,2.000150384132936,-0.9988900554181133,1,1,0,2.8448654624870624
0,-1.1338391858925658,0.7960055923623118,2.4158346821321723,-1.6140783395773792,0,1,1,0.7960055923623118
0,-2.734439641335102,1.1311881605544254,1.1380438701074334,1.3344255672553622,0,0,1,1.1311881605544254
1,-1.7361404917535768,2.124835471511075,-3.9034944780852263,0.7360223304941763,1,0,0,2.124835471511075
0,-0.40592851831016086,0.5253166422492035,-2.071725623941271,2.039553820681986,0,1,1,0.5253166422492035
0,6.953234139954997,1.0895844011271274,-1.7188908215895284,0.8012096469698025,1,1,0,1.0895844011271274
1,0.8354817884887958,0.5559616838323264,-1.678767167355707,-2.0498439613957915,0,0,1,0.5559616838323264
0,5.9126050576621445,0.4003810347161775,0.45275803543313514,1.6967970293775663,1,1,0,0.4003810347161775
1,-0.06424475082776873,1.7946886361633092,-0.3604940514780602,3.715784709418111,1,0,1,1.7946886361633092
1,0.9762806458081228,1.065824194239831,-0.9433035047763079,1.9066191860177266,1,1,1,1.065824194239831
0,1.1592633158628538,1.0190662805151454,-2.2018799121612886,4.230201739323692,0,0,1,1.0190662805151454
0,-2.449520394119396,2.189235263590102,1.5067769266251905,-2.1123290186059744,0,1,0,2.189235263590102
1,0.8049695027509283,2.5953100000831086,2.714970930277784,-6.056048016854778,1,1,0,2.5953100000831086
1,-3.3960007784701554,0.16681476380064664,-1.7751917868046205,0.12952123450544878,0,0,0,0.16681476380064664
0,-1.8429991431879442,0.05495568541877338,4.026111760991139,4.177933143447222,0,0,1,0.05495568541877338
0,2.1453664888341644,0.7375489902422606,0.49380570616325137,2.7099012691182645,0,0,0,0.7375489902422606
0,0.7479855569905474,1.6313342609580515,2.6397795059125135,0.9094813973227733,0,1,1,1.6313342609580515
1,0.6181895006280289,0.06271984375007522,5.28849383638252,-4.000108328439492,1,0,1,0.06271984375007522
0,4.748712287424876,2.3188152770432398,-3.0996408252476666,-0.8528384948184162,1,0,0,2.3188152770432398
1,3.206332026442146,0.08277431176739514,-2.909524386028525,2.0844941958825887,1,0,0,0.08277431176739514
1,-6.3400441681856226,1.3380724892898472,3.8578524134099634,-2.6456681562190543,0,0,0,1.3380724892898472
0,0.31941624268358565,1.293149577738299,-4.012276652889044,-0.6422246787869428,1,1,0,1.293149577738299
1,0.3275045954268868,2.616279140998623,1.4472690229488738,3.168909040124059,1,1,1,2.616279140998623
1,-1.5582013758890745,2.875010746502124,-3.4327459119915895,-3.4598838907787934,1,1,0,2.875010746502124
1,-3.025964691412983,1.5840665031990298,3.3220798114776393,-0.3386404941451747,1,0,1,1.5840665031990298
0,4.931744567809002,1.2338882269624265,1.6372162120092604,0.068674708593627,1,0,0,1.2338882269624265
0,-6.5643709632325145,2.5107152492614433,-0.5382003307574798,-1.979565460856059,0,1,0,2.5107152492614433
1,-1.0830066225722854,2.113003054762353,2.133704103089367,0.04501188064009647,0,0,1,2.113003054762353
1,-2.096214792052022,2.4133229388849564,2.308852064786521,2.6539131397469133,0,1,0,2.4133229388849564
0,0.16706502686315908,1.5795577500134086,6.247986927940543,0.5610222614326372,0,1,1,1.5795577500134086
0,-4.094311396253826,2.0956288495842403,-2.1780441746934622,0.16403312880606416,0,1,0,2.0956288495842403
0,1.2517879507909537,1.8418733465723491,1.6160919470600654,0.8863636298569721,0,0,1,1.8418733465723491
0,-0.1905593605908259,2.4512735856001697,1.4574391518644023,-2.845677521765535,0,1,1,2.4512735856001697
0,3.621371731133136,2.9656607969147095,0.004609175431437155,0.07855149498897133,0,0,1,2.9656607969147095
0,4.6883120302522565,2.5720299115415775,7.943191846362722,-2.3466448301962717,1,1,1,2.5720299115415775
1,2.3889873626784155,1.1626945898779297,-1.093782091719972,2.1315427106164733,1,0,1,1.1626945898779297
0,-0.20355930982853765,1.5701985481374376,1.1521450087857843,4.265072544020853,0,1,1,1.5701985481374376
1,1.3037076423431948,1.9466187150447523,4.188663987723879,-2.8927795113878374,1,1,1,1.9466187150447523
0,-8.008499305642847,1.147508078952887,3.352218763018756,-3.6879940816162504,1,0,1,1.147508078952887
0,1.247214636045632,0.06730205951196788,0.2162372458368718,-0.21976854434062565,1,1,1,0.06730205951196788
1,-0.9122266373544179,1.6453422618637936,-0.16081207317782617,2.2361551383859877,0,0,0,1.6453422618637936
1,-1.2921387092269145,0.6486037158020296,1.7900885836946503,-5.504337341412285,1,0,1,0.6486037158020296
0,-2.6259400141322597,2.243284685647423,1.1714463703665459,-2.30014705863255,1,0,0,2.243284685647423
0,-2.312051241979797,1.324245327761084,2.002934522308403,2.578319734856196,0,1,1,1.324245327761084
1,-1.5852651630868337,1.4241754330704777,1.9617377601502013,-4.648259678475332,0,1,1,1.4241754330704777
1,-4.33422610713369,0.13117054620402802,3.189880394729941,-1.4263038255445952,0,0,1,0.13117054620402802
0,6.260114400311423,1.2152118051444427,1.4223588088683803,6.569086899064427,1,0,1,1.2152118051444427
0,-2.1766388486104375,0.8468943643172139,-2.3283310524716656,-1.7270046538544408,1,1,1,0.8468943643172139
0,0.8558511417364714,2.2435889498089114,-6.033539379423576,-1.1911567340756033,1,1,0,2.2435889498089114
0,9.092487265074741,0.5841924512026384,-0.7637454819805802,-0.8920254955627531,0,0,0,0.5841924512026384
1,-0.5691932037944982,2.183057297294237,3.0444924642771554,-2.090338829062016,1,1,1,2.183057297294237
1,2.990571813906671,1.0895885278961377,1.8873673627198129,-3.835050316383408,1,0,1,1.0895885278961377
0,-4.0110768876130685,2.6450897845146994,2.1580194277739135,-1.0888943337984407,0,0,0,2.6450897845146994
0,2.5862027425625955,1.2926867754122036,-6.062812280530341,0.97144336672887,0,1,1,1.2926867754122036
0,-1.9991911456842342,1.282588348045177,-0.9928240634246706,-2.289222692983004,1,1,0,1.282588348045177
0,0.016619283816162324,0.13942859220059045,2.5128315556715095,-2.101683079066998,1,0,1,0.13942859220059045
0,-2.4197387948515487,2.899317955335447,2.9866859875373404,3.6721436066973405,1,1,0,2.899317955335447
0,3.4006910065289535,2.651997749513483,2.8513236673886704,-0.07701522303060462,1,0,0,2.651997749513483
1,-2.813858389585673,2.8089203071568742,-2.986053398853673,3.0617893367661546,0,0,0,2.8089203071568742
1,-1.2053970944310994,0.03219008890350028,0.38364171078921305,0.9602248378374738,1,1,0,0.03219008890350028
0,-0.2596272758880369,2.6704672261018354,-3.036208801369745,-2.6053070902935143,0,1,1,2.6704672261018354
0,-1.032291661111584,0.4985595273763629,0.7087717686637912,1.3219248365660858,1,0,1,0.4985595273763629
0,-1.7345039817700045,1.9953074952271246,0.8472440343274883,2.7316878143723162,0,0,0,1.9953074952271246
1,1.761062312091275,1.9399030758237856,-3.6083882197604034,-1.1128906746875529,0,1,0,1.9399030758237856
1,-0.24430602681704458,1.942035402960661,5.91852892709872,0.9427480486775901,0,0,0,1.942035402960661
0,-3.052526568897208,1.201322371305982,1.9785504952029689,-0.5036263115423881,1,0,1,1.201322371305982
1,2.0875739564565317,2.220835264505898,1.3092415161849158,2.029983255580703,1,1,1,2.220835264505898
1,-2.269591661032461,2.11606056994291,0.19237313824264501,0.9402099958593689,0,0,1,2.11606056994291
0,-2.634948029104244,2.7312074940947353,-0.35578382344776893,3.3884355525598577,0,0,1,2.7312074940947353
1,5.920201046823132,0.18752239614587352,0.11575885777807693,-1.565444332509429,1,1,1,0.18752239614587352
0,0.9747403040348739,2.6941789282085833,-0.7298962227075809,2.895967586257077,0,0,0,2.6941789282085833
0,1.334572388062238,2.995838671229978,-4.3166889433010756,5.143359277567148,1,0,1,2.995838671229978
1,-1.5280309076566114,0.23739898918026658,1.0060515117505286,0.0877363954426731,1,0,0,0.23739898918026658
1,2.39527846702278,1.1804919788033836,3.980689330865237,-0.7176622783020491,1,0,0,1.1804919788033836
1,-1.4075812700507235,0.7035993378606921,4.898919183488135,-1.7020149689862436,1,0,0,0.7035993378606921
0,-2.4154465500795936,0.48704502989116016,0.5673306470423609,-1.1557718610649093,0,0,0,0.48704502989116016
1,3.783949638769585,2.3755606089297974,1.1616098147685447,-2.4022944507873776,1,1,1,2.3755606089297974
1,-0.4854182237805723,0.809377170628843,-0.8701431089358189,-0.447772632581652,1,1,0,0.809377170628843
1,0.08960026467252172,1.6186564413556774,1.5443888934493333,-2.4268210647620294,1,0,0,1.6186564413556774
1,3.869020518808016,0.9813188871611402,2.010621660359294,-3.7906064392762318,1,1,1,0.9813188871611402
1,1.0626213653390515,2.3920372996927957,-1.522408135943468,0.7447046405081161,1,1,0,2.3920372996927957
0,-2.935231034907111,1.0521674474909108,0.8014685350175426,1.6252114592469062,1,1,0,1.0521674474909108
1,-0.3250205821045833,1.0831858070845624,4.389334346782482,2.473370360474215,0,1,1,1.0831858070845624
1,4.02161905130065,1.9249219569524745,6.2929785706698365,-5.411384722112016,0,0,1,1.9249219569524745
0,-0.8326832946011085,1.5114528024162697,1.104260181767832,4.464783298910702,0,0,1,1.5114528024162697
1,-2.5510563258107966,2.4317748796533243,0.4249949605518303,-5.390446900599747,0,0,0,2.4317748796533243
0,1.2135399961826216,1.7504525400830893,-3.3452780544360565,-2.0485275630002704,0,0,1,1.7504525400830893
1,-1.5158635916904657,0.35396533256055485,0.0768242080186266,-1.2457122480013227,0,0,0,0.35396533256055485
1,-0.0924090196445123,1.760682597667703,-0.8488508571065092,1.5616634509308742,0,1,0,1.760682597667703
1,2.734827914142792,1.4772453098727236,2.573517767983907,0.04884849561883836,0,1,0,1.4772453098727236
1,1.5677177926553458,2.5647438518030103,-2.093417302363144,3.93313842941589,0,0,1,2.5647438518030103
0,3.3467269727338502,0.9407179357127663,0.011924799070621234,-1.8857830650325367,1,1,1,0.9407179357127663
0,-5.012999584961012,1.6950000494261637,4.004255222510256,2.555578341047655,0,1,1,1.6950000494261637
0,1.992916448168614,0.29562962518363833,-3.0069034359187494,3.9283425982189843,1,1,0,0.29562962518363833
0,-0.9278338492486681,0.9555716497964886,3.082871939532187,0.7839446499297713,1,0,0,0.9555716497964886
0,1.14816199340536,1.144058091222417,0.1795337658715508,-2.8942449617963764,1,1,0,1.144058091222417
1,1.2959640326116624,1.767068900893284,0.5426483023145253,-0.3809269055663832,1,0,0,1.767068900893284
0,3.181544007003642,0.4498939808028467,-4.068920713045513,0.544305334853679,1,1,0,0.4498939808028467
0,0.2079467961975848,0.25172997860748136,3.5555712611725023,0.21671930402400913,1,0,0,0.25172997860748136
1,-3.9816549305225384,1.9753533735133737,-2.6806643694816334,-0.8549974941865814,0,1,1,1.9753533735133737
0,0.8812489891750004,2.0180560628895883,-5.932885588607482,2.8739302710985823,0,0,1,2.0180560628895883
0,-0.8275233126420094,1.8702117165524803,1.7983478035048144,-5.017247631768438,0,0,1,1.8702117165524803
0,0.2824005400337146,2.796819064951815,2.277646381003261,-1.7146090583228468,1,1,1,2.796819064951815
1,-3.300283006620365,1.1263411897124844,2.0096884684199923,-4.594218171041402,0,1,0,1.1263411897124844
1,-0.4925673360961262,0.8780818353720624,1.9507057359827098,2.8951914755100967,0,0,0,0.8780818353720624
1,-1.9323733726073682,0.6348003251188402,3.7092371816086214,-2.538847663141179,1,1,0,0.6348003251188402
1,-1.5590104192096066,2.6344400637367675,-3.491267864596078,0.04051678843338333,1,1,0,2.6344400637367675
1,0.5849847561599547,1.8985964519734908,-2.2701346863297975,1.4312674957443086,1,1,1,1.8985964519734908
0,-1.6230872681612405,1.863932353066725,8.115053555573704,-3.579567466355351,1,0,0,1.863932353066725
1,-3.6328533149503155,1.7680276286482144,-0.40245355325766285,-2.164402709641951,1,0,0,1.7680276286482144
1,1.3967539025331819,1.9473608548874626,-5.027209757768487,-0.501590482685406,1,0,0,1.9473608548874626
0,-0.34331444605368905,1.8186991609632037,-1.223668296188338,-1.2666096913678666,1,1,1,1.8186991609632037
0,0.9136921022850755,1.3059647210053402,-1.0295566034494468,1.8769038032747831,0,1,0,1.3059647210053402
0,-0.9208913978368537,0.9657267114926773,4.198583994022981,-0.8951274233002104,1,1,1,0.9657267114926773
1,-4.0708101872388855,0.7459383740535452,-0.17721982364235842,1.1263366457876953,1,1,1,0.7459383740535452
1,1.6611623993013316,2.027744803008389,2.910015676975563,-0.818760258217381,1,0,1,2.027744803008389
1,-2.1649241776443837,1.9099046631802996,6.239115929130324,1.7441886405647145,0,0,0,1.9099046631802996
0,-2.6526331486191506,1.1313341803556645,3.840144774805996,2.2277994255832887,0,1,0,1.1313341803556645
1,1.2201122232827843,0.8485706515165983,1.656698215699754,1.449367314474985,1,1,0,0.8485706515165983
1,0.7145026717994385,1.175016948670879,2.205086223452657,-2.8374913223569984,0,1,0,1.175016948670879
0,-0.5072216033848547,2.6590670498068665,1.3879226922785552,-0.20031292566976283,0,1,0,2.6590670498068665
0,-1.6626818665460812,2.6456387159868204,-1.35057639995639,3.1933020411777058,0,0,1,2.6456387159868204
0,3.2313961177124177,1.5270877190779455,-2.514645766679966,0.06873955854236896,1,1,0,1.5270877190779455
0,1.487781037574845,1.773045487535778,2.651262448025315,2.0113043973947624,0,1,0,1.773045487535778
0,-3.6484974128846046,1.220187389577815,-3.5173991151971205,-4.3472860831624205,1,0,0,1.220187389577815
1,0.7737870137938232,0.13900503737872016,-2.572806757761005,-3.95359949137873,0,0,1,0.13900503737872016
1,1.061921449526251,2.263606069154721,-0.41626351667871975,5.329360518431557,1,0,0,2.263606069154721
0,4.3015713574277035,2.95756189775486,-0.39800847539105866,6.6902283421106095,1,0,0,2.95756189775486
0,-2.6626530077792308,0.7783968363474063,0.835263353268201,-1.8755593856117387,0,1,0,0.7783968363474063
1,-1.00404507671121,2.5951257028130974,-1.4696023027183833,6.443705434206271,0,0,1,2.5951257028130974
0,1.286184547186007,0.2514200736785117,0.6672524922185676,-2.111516564415789,1,1,1,0.2514200736785117
1,2.6016845893344924,0.1013659854111546,-3.69935647632459,0.2072055683120732,0,0,1,0.1013659854111546
0,6.705525933482729,2.853672468796956,-0.30459710608987317,5.291513799396267,1,1,1,2.853672468796956
0,-5.172703065700556,2.3773444437125404,1.5686345644199653,0.6838333990566727,0,0,1,2.3773444437125404
0,-5.351625457545076,1.2774354023290297,-2.6973048281494774,0.3948072859305745,0,0,1,1.2774354023290297
1,-0.9819540222554473,1.3647779673297031,-1.978639288934659,-3.4193414614572895,0,0,0,1.3647779673297031
0,-2.652159587643224,0.8656217931370699,2.401444413403597,-2.2689180705702743,0,0,0,0.8656217931370699
0,-0.546963986865978,0.1335785109769383,-1.5704889453825657,-6.917707353838292,1,0,1,0.1335785109769383
0,1.1431746186738723,0.8850832153470523,-2.7021177572658472,-1.052636203605137,0,1,0,0.8850832153470523
0,5.870007127888966,2.019848282126998,-3.910173620135116,-3.2462547429101805,0,1,1,2.019848282126998
1,-1.8083256943692785,0.38444427900264677,0.6478608600328356,0.11501487846654529,0,0,0,0.38444427900264677
0,2.3188244010442762,1.1064100928629679,0.3716091585403387,0.5092494390503024,0,1,1,1.1064100928629679
1,-7.66061010510463,2.354560572622471,-1.8045110636184063,-1.9160896480224552,0,0,1,2.354560572622471
0,3.2140624792594217,0.9405358236779261,0.5412341940834302,3.089623619997636,1,1,0,0.9405358236779261
1,3.158751865668423,0.020543700312974034,0.4451929211310834,-0.21749612908983412,1,0,1,0.020543700312974034
1,-2.7915618861540032,0.7549713110436349,1.9679202348074285,-4.836615162582525,0,1,1,0.7549713110436349
0,-2.4211652259390024,2.619040153832903,7.081620237351213,0.2014518789246133,1,1,1,2.619040153832903
0,-5.371102212328687,2.024225521566625,4.1140446230839185,-0.01190389920143477,1,0,0,2.024225521566625
1,-3.943616598951026,2.8776115114647354,-0.5014549437895317,2.8207846686448255,0,1,0,2.8776115114647354
1,-1.674524797809765,1.6492660914294974,4.408363083888577,-2.5347239716072285,1,1,0,1.6492660914294974
1,4.761899568968211,0.07862623189681406,-4.075545783289286,-0.7812592656769788,0,1,1,0.07862623189681406
0,0.25849603715201896,0.7313759526615768,0.042544462766543986,5.124835104137893,1,1,1,0.7313759526615768
1,5.177046499360146,2.519906768166419,-2.3947713326396465,-0.3155851720111873,0,0,1,2.519906768166419
0,4.875478194827323,1.742655230826533,-1.0206383398760752,1.6765011528771252,1,1,0,1.742655230826533
1,1.4457561668371215,2.7470282070786447,-3.7865951361056363,1.7145456877077734,1,0,1,2.7470282070786447
0,-0.053538299635800535,2.8622036355951197,3.375710598524318,2.5088069419211116,1,0,1,2.8622036355951197
0,1.0970062789586712,1.4340495274778202,-1.6482410051933951,1.6271881445687113,0,1,0,1.4340495274778202
1,0.8287708504455241,0.9139964772043847,2.678964386234713,-3.4237182623319216,0,0,1,0.9139964772043847
0,1.1750726169992807,2.9360921852271793,3.915459763144951,2.2580105024807184,1,1,1,2.9360921852271793
0,-0.44589989065136737,0.14459011051090376,1.0442892565851931,2.426946291719323,0,1,0,0.14459011051090376
1,-5.7038221866271845,0.1512488544412811,0.7190074611134071,-1.1296875774079969,0,0,1,0.1512488544412811
1,-5.130407834830558,1.1706326696958589,-2.574335754412625,2.9931466429726727,0,0,1,1.1706326696958589
1,6.216782764489963,2.0322279649201365,-2.548183975861115,-1.3062104715739478,1,0,0,2.0322279649201365
0,2.981640686805401,1.5159685623286783,0.16160073634608482,-0.4231338647502031,0,1,0,1.5159685623286783
1,-1.3214063693260483,2.0276605917552537,1.970080854890188,-0.5255704924174069,1,0,0,2.0276605917552537
1,2.4676042638605624,2.5865531055945348,-0.35397812708520393,-0.33464670352543846,0,1,1,2.5865531055945348
0,-2.7241831494609685,2.531824940201049,2.6794338325913576,1.1602120562047036,0,0,0,2.531824940201049
0,-1.8170084393840944,2.3016562831378637,-2.9594558216670723,-1.1684562571241515,1,1,1,2.3016562831378637
0,-1.8794742186993143,2.0085366243144946,-3.618520836721113,4.829353478102686,1,1,1,2.0085366243144946
0,0.2701661568507021,2.66263599105359,6.087308076420573,-0.8871575701531602,1,0,1,2.66263599105359
1,-1.1647152117155737,2.9353048133801303,-3.430787816992293,4.231293401919174,0,1,0,2.9353048133801303
1,2.4701895071649376,0.23012391347510175,-9.102671000479383,5.211181806200662,0,0,0,0.23012391347510175
0,-0.24578101503434358,2.630503528880734,1.4693051223181994,1.5532282646276572,1,1,1,2.630503528880734
1,4.627657449762218,2.3749733732644573,4.3541512239520594,0.7007156258957419,0,1,1,2.3749733732644573
0,-1.4993242565141904,1.388603316600157,4.34966841798309,3.990282508429611,0,1,1,1.388603316600157
0,2.810955552569751,1.8497689172915162,0.3763617672360732,-2.1564402914948193,0,0,1,1.8497689172915162
1,5.4431407884317835,0.9916034041618028,-1.0934338013983878,-4.200707668155766,0,0,1,0.9916034041618028
0,-1.9824529110199955,1.4914323481310015,-6.592685824010433,-2.5651204055691847,0,0,0,1.4914323481310015
0,5.684659891318002,2.244676465489235,1.9575726782095948,0.7301630403959865,0,0,1,2.244676465489235
0,1.3033324352723017,1.3796129674708846,-1.0150084948870555,1.4882723091829178,1,0,0,1.3796129674708846
0,-2.8073386876076585,2.378217416832765,-0.07638943835670163,-1.521990716538483,0,1,1,2.378217416832765
0,-0.4018124800920257,1.8147118706365504,-3.2787090250510955,2.6171644629291713,0,0,0,1.8147118706365504
0,1.3223504439013527,1.42609662665201,-1.598093373847623,-3.8660433025044054,0,1,1,1.42609662665201
1,2.755469662090955,1.6930638036739423,-1.578965554187505,3.362395168564747,0,0,1,1.6930638036739423
1,2.230352035583895,0.29332986180011134,0.2535159042256304,-1.225615695459791,0,0,1,0.29332986180011134
0,-0.47199709367277765,0.9361833729088452,1.8313612755528066,-0.7113502888149601,1,1,1,0.9361833729088452
0,-4.801336394783671,0.5644009537419515,6.930668230628526,-2.7131311868704535,0,1,1,0.5644009537419515
0,1.7691787317293093,1.1174623737358815,-1.7479510144358097,-7.0412419465134715,1,1,0,1.1174623737358815
1,1.224735921635319,2.452085780548214,3.522719382582261,2.504012264475413,0,0,0,2.452085780548214
1,0.04029009730815666,1.7440834118158002,-1.612883593614117,1.1370563061718801,1,1,0,1.7440834118158002
0,-2.951928290745741,0.4512677018637514,2.3234917043167784,5.231689655719348,0,0,1,0.4512677018637514
1,-2.221008755982793,0.09279415906691757,4.742331474352717,-2.5374100575217935,1,1,0,0.09279415906691757
1,-1.0790743784149992,0.9334707885287229,-2.567876265816026,0.009754887936270279,0,0,1,0.9334707885287229
1,-1.4041054291867976,0.17126734273891475,0.7710118928728269,-4.658126550185052,1,0,0,0.17126734273891475
0,2.286218256641853,0.31775252240970575,0.46753629037031863,-5.0563477767320215,1,1,1,0.31775252240970575
0,-1.2776148599174348,0.8462907803309292,-4.688660039932015,-4.184556603764225,1,1,0,0.8462907803309292
1,1.4113992053001765,2.621507217901045,-1.6401040238459683,-1.0189722746462042,0,1,0,2.621507217901045
0,0.7528430334747224,1.4849998330905452,1.5552369799646453,-0.7262218435143165,0,1,1,1.4849998330905452
1,3.224276712350963,2.5276192591623974,2.8499720399084416,5.7765910681302355,1,0,1,2.5276192591623974
0,-3.72543211454757,0.48218260596672646,-0.5387686920764626,-7.221533841235136,1,0,1,0.48218260596672646
0,1.3560685539379174,0.24101059514669443,0.7840850516872344,-3.01013330911175,1,1,1,0.24101059514669443
0,-1.5604921086811774,0.9829902324613677,0.8327498508390618,-0.9669819338340355,0,1,0,0.9829902324613677
0,-0.5511815221723698,1.639796452479449,0.650726114552386,1.6753880002946613,0,1,0,1.639796452479449
0,-2.411124423829666,1.7510967021786916,-1.444991011741509,2.385458684871796,1,0,1,1.7510967021786916
1,3.776378890340731,2.087041696830824,-1.2750165525698594,0.6890374013630585,0,0,0,2.087041696830824
1,-3.7000121091021105,0.5873629822223547,-0.5670741456645934,-0.9170904225129679,0,1,1,0.5873629822223547
0,-2.050052332288791,2.1010845926311807,-2.3013006393405884,-6.163756638241027,1,1,1,2.1010845926311807
1,0.5550242990976979,0.15953736369516358,3.5958148105265577,2.6672287682982234,0,1,1,0.15953736369516358
1,0.28833857069660745,0.7831749880996112,-0.413017733501583,-3.4918455020443604,1,0,0,0.7831749880996112
1,-3.1930150973560574,1.7355879981643856,2.5923420008555884,1.790792484439613,0,1,1,1.7355879981643856
0,-1.9466796889816336,0.9088547387846512,-6.120422773933738,-3.493881490566286,0,1,0,0.9088547387846512
0,0.0494310919856943,1.7110874261112414,4.8476175473388,2.11722043477603,1,0,0,1.7110874261112414
0,-3.613306471050118,1.7569925134602375,2.9965806036220934,1.4175845147401676,0,1,0,1.7569925134602375
1,0.17958684334228756,2.609830459716541,-1.5059459002877666,-2.855476417392308,1,0,1,2.609830459716541
1,3.00139295968323,0.20810933379356145,3.6198668384518218,-4.130621084764578,0,0,1,0.20810933379356145
0,1.5318536542653987,0.6375564871893061,-3.528223382500547,-2.506567066965405,0,0,1,0.6375564871893061
1,0.7673520942137282,0.6724865418770332,4.163053429232762,-5.737560115045077,1,1,1,0.6724865418770332
0,2.363942131429787,0.47863110620941385,-3.675894526994351,0.049907041539704905,0,1,1,0.47863110620941385
0,-1.853427717717285,2.341909547537623,-1.5836745751821755,2.1545511138754683,0,1,1,2.341909547537623
1,-1.7446796276553211,0.8061568611165777,-3.099498237989223,1.5867491407452488,0,0,1,0.8061568611165777
0,-1.0783702660084458,0.18141699932019884,1.1999417707806932,-0.8223895381585912,1,0,1,0.18141699932019884
0,-2.7205136400391314,0.015323305508096352,-3.4874953203727674,-0.4029934450689582,0,1,1,0.015323305508096352
0,-1.0734293821572534,0.6746600765086728,-3.045314343338319,10.084768790288614,1,0,1,0.6746600765086728
1,-6.719872358530532,0.6456851145092155,1.2214780212552525,-1.4807549219914278,1,0,1,0.6456851145092155
0,0.5030747963434986,0.2681663835389583,-1.9909818247773443,-1.6106707631560422,0,1,1,0.2681663835389583
0,0.2905734720507955,0.010450417167091719,0.6355992046829801,-2.8761663895526675,0,1,0,0.010450417167091719
0,3.110328191795033,2.950409235196706,2.7129709371982083,0.5778476635982901,0,0,1,2.950409235196706
0,-2.7812285267164603,1.8442079653015382,-4.042295901260813,-2.972057470745384,0,1,0,1.8442079653015382
1,-2.8792121453219366,1.1361886454667178,-0.6560608866989279,-0.14395771103251878,1,1,0,1.1361886454667178
0,-3.8429212838976357,2.864415757437631,-0.7177242550094161,-5.437590130204923,0,0,0,2.864415757437631
0,0.9772829778567833,0.6608991650636051,3.239535172594689,-0.5154465883030958,0,0,0,0.6608991650636051
0,-5.914319284928782,1.9494520033767802,2.612684902718256,-1.3903694291047044,0,0,1,1.9494520033767802
1,5.545806600119475,2.7663340642931105,-0.07220604573161275,1.563341405932024,0,1,1,2.7663340642931105
0,2.5833358701559033,1.8579307923751465,1.3385050509663896,3.987461951205054,0,1,0,1.8579307923751465
1,-1.7256231819427992,1.2352701756337912,-0.744046000936629,-0.878384054487253,1,1,1,1.2352701756337912
0,-3.5716976837585612,1.9820583921331267,3.605364133295325,-5.3974141779131575,1,1,1,1.9820583921331267
1,4.696423779361689,0.601192393851546,1.5040936415498332,6.711810293386337,1,1,0,0.601192393851546
0,1.946956132489508,0.7589738382208919,1.2602019745994053,-0.5066287329820623,1,1,1,0.7589738382208919
0,0.24753894689678943,2.2518012301306216,1.5043616327542546,0.962582049079231,1,1,0,2.2518012301306216
1,-5.234504535779087,2.0721287890550624,0.0390218132561209,-3.0889056695987587,0,0,0,2.0721287890550624
1,-1.0550032589416598,2.95128745573464,1.7056796559535967,0.040112279825800276,1,0,0,2.95128745573464
1,0.7924237675421972,1.0959664793722035,4.6596058629164485,5.100949175904017,1,1,1,1.0959664793722035
0,-1.0186136196449378,2.635947898350603,2.3296026963776666,5.579881362865638,0,1,1,2.635947898350603
1,2.3624443884016353,0.787021532674555,1.082255252470244,-1.664757566625672,0,0,0,0.787021532674555
0,-1.1277185227063826,2.4617329590357517,-1.3800032409294896,-1.8813151617045936,1,0,1,2.4617329590357517
0,1.0422260218885673,0.5286115884778464,5.5349936648527915,1.8243743458017652,1,1,1,0.5286115884778464
0,-3.4532482096578656,1.8181651085872739,1.4859912678905238,-2.887842874966176,1,1,0,1.8181651085872739
0,-0.9348743508149244,2.1002250248876826,-3.4222435963967417,-7.612387133747079,0,0,1,2.1002250248876826
0,-4.00671789661971,0.4872737346080839,-0.5302754255328104,-4.231810152361949,1,1,0,0.4872737346080839
1,-3.504413306974708,0.2520480783739806,-3.7787918493895045,1.917095675051624,1,0,1,0.2520480783739806
1,-0.8137061661873064,0.8105162152895484,-3.401605244092308,-1.3833861859387615,0,1,1,0.8105162152895484
1,0.13080000013693374,2.1580161697206317,-1.8728491177317135,-0.37484591866217676,1,0,0,2.1580161697206317
1,0.5045203049456516,1.913215619041638,2.5929172324702696,-0.4373123619079736,0,1,0,1.913215619041638
0,1.0909127229321574,2.4573325673333817,-1.1244689957248957,1.306561893344941,0,1,0,2.4573325673333817
1,1.7313237183287475,1.0963829031634256,-1.2439939038270973,1.4279814236168404,0,0,1,1.0963829031634256
0,-3.6605558886496774,2.1804099128762564,-2.938539144061679,-0.13672460074242096,0,0,0,2.1804099128762564
0,3.0457983077875928,2.4824424311078745,-4.069039549845688,7.064326409285558,0,0,0,2.4824424311078745
0,-1.9820717614347967,0.45562119042723637,4.28043763528195,3.84423132756128,1,0,0,0.45562119042723637
1,-1.872802393272948,1.1454641283727045,0.817165448376773,-1.842588741070521,0,1,1,1.1454641283727045
1,-0.7844162441927008,2.1741158285645605,0.9232109528163421,5.112943159922375,0,0,1,2.1741158285645605
1,0.517158592456052,0.27162210200056347,2.0975202039043794,3.188715366184819,1,1,0,0.27162210200056347
1,-7.512446872998569,2.0257271428783694,3.296677165808921,1.9105461745758614,1,1,1,2.0257271428783694
0,0.272446991311759,1.7619445360177441,-0.8811998859152719,1.05539582068336,0,0,0,1.7619445360177441
1,2.7753661820375446,1.3730150722348808,-2.3201113894744867,2.5236012657733293,1,0,0,1.3730150722348808
1,4.165484380398029,1.532889620030014,1.2323918661435176,5.637906827405938,1,0,1,1.532889620030014
0,-6.803119811762123,1.7156502993937437,1.4238916149232215,2.2984288385558167,0,1,1,1.7156502993937437
1,1.3488160124945425,2.420946224937548,-0.5628676124391596,1.608759519407978,1,1,1,2.420946224937548
1,-3.5821351355205424,0.4774751106174514,1.5089270383285935,-0.8275004530230288,1,1,0,0.4774751106174514
0,1.0243757381935998,1.2894034115468567,0.7340568311179066,0.18852753965162344,0,0,1,1.2894034115468567
1,-3.5049042630161344,0.051291449149183266,1.165789269706397,-1.6662343597487976,1,1,1,0.051291449149183266
0,1.703296432826391,1.1439684224269981,-3.5228665489102196,1.7265900123021656,0,1,1,1.1439684224269981
0,-2.195185278959909,2.9247353323812266,2.263032871585954,-5.470935569739609,1,0,1,2.9247353323812266
0,-0.4578153932095614,0.9254228868515336,-5.441158352872501,0.2917966280697485,1,1,1,0.9254228868515336
1,-2.251492426964426,1.2249073330085007,-1.691733247953264,2.8252928918177354,0,0,0,1.2249073330085007
1,-2.889362523263916,1.161150328993152,-2.8946783446303033,-0.6200175554049319,0,0,1,1.161150328993152
1,3.871637687039387,1.244626697472135,-1.1084211493700633,2.1230048331495706,0,0,1,1.244626697472135
1,-0.19896897820374831,0.16174105269979944,-1.9315401742165186,3.194813055162183,1,1,0,0.16174105269979944
0,-2.1830210219608324,0.5416467407793946,-4.765113597479066,3.405418905322996,0,0,1,0.5416467407793946
0,0.09311424507244388,2.227859433722857,0.7231444019428951,0.5188741625246824,1,0,0,2.227859433722857
0,-0.7774005495423396,0.6916978113417102,-0.7440838213940647,1.8442868062575926,0,1,0,0.6916978113417102
0,0.8797937897512593,0.3405286592481964,-4.564112073286887,-2.123403618119583,1,0,1,0.3405286592481964
0,4.202211863988362,1.3781888370262028,1.4729073104260417,5.679452734616734,1,0,0,1.3781888370262028
0,-2.0653603098313784,1.2109569853457591,4.0343475189022495,-3.352033208386697,1,1,0,1.2109569853457591
0,0.9013910482513845,0.7748529539513042,-5.439993722466518,-5.703065402620752,1,0,0,0.7748529539513042
0,-1.2798428992534574,1.0191121923522886,-0.01909118021475325,0.6599123492255518,0,1,0,1.0191121923522886
0,-1.2719205159187938,2.8858317272224308,4.555638919532492,2.2143242590221925,0,1,1,2.8858317272224308
1,0.5801969104493571,1.8979610154748263,-3.629854412917444,-3.1770727911506422,0,1,1,1.8979610154748263
1,-2.0529626453334853,0.668889234188839,2.571475276142986,-3.4671402949486563,0,1,0,0.668889234188839
0,-4.239142422540292,1.2183618933871732,-0.26735140705867105,0.9434187750288108,1,0,0,1.2183618933871732
1,1.62968170697297,2.8757101089397064,-0.9928535132320375,-0.02997804662727036,0,1,1,2.8757101089397064
0,-2.912185327523469,1.8253373726587778,-3.4979863736588728,3.094138640370482,0,0,1,1.8253373726587778
1,4.899582296147753,0.8599796277638941,-0.8546967173752528,1.688943076569713,1,1,0,0.8599796277638941
0,-3.0959649540150247,2.3091250211118193,3.9989083634109144,1.2591308438321378,1,1,0,2.3091250211118193
1,-1.6711456353235419,1.5847888754911903,4.64607620156726,2.5034710908467033,1,1,1,1.5847888754911903
1,-1.7985393178712301,0.0821621285698304,0.40393862663373015,5.522528383975067,0,1,0,0.0821621285698304
1,-0.5921389801634405,2.7244594931297206,-0.36108699512256276,0.4849682084454059,0,1,1,2.7244594931297206
1,5.303421883293541,1.6158444698928958,2.054445041894397,-5.7574424740576475,1,0,0,1.6158444698928958
0,-2.3064438588290135,0.006714010880732202,2.89771392852006,0.7001738849101398,0,1,0,0.006714010880732202
0,1.8595482599537803,2.4581532270064783,0.8951198019098875,4.625202499778228,0,1,1,2.4581532270064783
1,0.11095760732159587,2.487043356992272,2.2191206516730935,4.192075483444893,1,0,1,2.487043356992272
1,-0.9686776744295372,0.13771919945609978,2.959030920050778,-2.525079778173323,1,0,1,0.13771919945609978
1,2.44063985059597,1.3902717399115878,-1.3906202504135903,-2.802717902072721,0,1,0,1.3902717399115878
0,0.19169134717911998,1.1526994761270806,-0.5092482783476895,0.653590260318992,1,1,0,1.1526994761270806
0,-3.9157476988675324,2.441999713979837,1.5494691220726904,-4.38950034661373,0,0,1,2.441999713979837
1,4.268172431850529,0.6680878838590791,-1.4676892454497237,-4.771931020334705,0,1,0,0.6680878838590791
1,-3.8332217836908553,0.38344793073302497,1.9590274105371597,0.46975433659622323,1,0,1,0.38344793073302497
1,-0.5236197271562035,0.02064440804063683,-2.607562933914481,-1.7174019718353877,0,0,0,0.02064440804063683
0,3.0763526543163913,1.2377836200259498,0.409762619382943,-3.125045178269602,1,1,1,1.2377836200259498
1,3.7539325482585664,2.8638081180948003,3.5075932864631416,-0.34768095447621716,1,1,1,2.8638081180948003
1,-0.9968275627203795,0.4789549278912093,-7.337574649508501,3.5280839242831306,1,1,0,0.4789549278912093
1,-0.3943326668011017,2.711355918759672,-5.384254093197454,-4.175201752319686,0,1,0,2.711355918759672
1,2.427722144478312,2.2571517750515717,-2.0422200146900673,0.9912352079342306,1,1,0,2.2571517750515717
0,-9.175206079686756,1.637513723262904,-3.5574900994067065,4.981392136326438,1,0,1,1.637513723262904
0,-3.539352049911389,2.2253950337287893,1.8446352300214066,1.6398820674421284,0,0,1,2.2253950337287893
1,-2.014518097459157,0.3971181326844432,1.8877269626396482,1.5063457163984209,0,0,1,0.3971181326844432
1,-4.172379803186804,1.6788257888042932,5.52783682379,-4.58430583043774,0,0,1,1.6788257888042932
1,-1.1905196442701569,0.05433343424629555,3.2927999955107254,0.31938575906935585,1,0,1,0.05433343424629555
0,-3.729431789576622,2.4111538090393667,3.489648062388551,-6.183850014408718,1,1,1,2.4111538090393667
1,2.9885228956960335,1.7534289721193312,-1.260277791301034,4.0674947939494475,0,0,0,1.7534289721193312
1,2.492475002106713,1.5671298565516718,3.233434174623257,-3.2636219979102368,1,1,0,1.5671298565516718
1,-0.37810710019087146,2.9260149916917824,0.8068125138334965,1.9322100343402662,1,1,0,2.9260149916917824
0,-4.510841714914852,0.53509520564872,-0.3542713577773104,3.368316860531305,0,0,0,0.53509520564872
1,-2.2614303362407586,2.9666240656622893,0.3942818340652391,-1.6333337293121848,1,0,0,2.9666240656622893
1,-4.134169318752763,2.9507383208186475,3.5490315101115364,-3.6356167703991105,0,1,0,2.9507383208186475
1,1.7801586192077463,1.5882330464147731,0.2668527026553557,2.3795142744486264,1,0,1,1.5882330464147731
1,-0.9879711415762966,1.833260364234449,-1.8943392673248682,2.7425485692908254,0,1,0,1.833260364234449
0,-1.059043203279198,0.554548296268927,-3.1601890588600394,5.335660884901523,0,1,0,0.554548296268927
0,-0.8425878613740532,0.8283176467272099,0.3764523222857824,-3.7710254057213914,1,0,1,0.8283176467272099
0,-1.2577113539774853,1.8088698741543694,1.551012289605473,0.9484858114096979,0,0,1,1.8088698741543694
1,0.6015410580299615,2.4447863983874147,-6.19528654019448,-0.4438726734727959,0,0,1,2.4447863983874147
1,1.902219659242462,0.7434610762238558,2.8148594989116837,1.9568121963288267,0,0,1,0.7434610762238558
1,3.415146247640851,0.04150988688320223,-4.092535545735383,2.7095037500405086,0,0,0,0.04150988688320223
0,1.4173509528725419,1.842040158669694,2.6465248415839593,-0.9601842271821753,0,0,0,1.842040158669694
0,4.229266147316493,1.5755386748878117,-2.0030832378961625,3.039043109547438,1,0,0,1.5755386748878117
1,-1.486682315222466,2.916383435633357,3.480814064203522,0.5203460018679698,0,1,1,2.916383435633357
0,2.8733694368918794,1.7317677597280516,0.35586131024776335,1.3514712933527642,0,0,0,1.7317677597280516
1,1.3342275281539802,0.0049434900327811615,-3.309334362258485,-3.3215467718064033,1,0,0,0.0049434900327811615
0,-3.826249031699884,1.2307678355498952,3.029821113350371,-2.9483641003004877,1,0,0,1.2307678355498952
1,0.6327493254239325,1.435363505646805,1.4857525645940461,-1.2351284102220803,1,1,0,1.435363505646805
1,-3.211158453856412,1.9129843986239745,-5.053118273568406,6.029530280782027,1,0,1,1.9129843986239745
0,-2.496459328933444,0.36150747646730774,0.17326145199403353,3.020691613494747,1,1,1,0.36150747646730774
1,3.7167901603712292,2.57086698252788,1.3012441159690709,2.8184316157534814,1,0,1,2.57086698252788
1,1.7866449346094888,1.8183754072201803,-2.983524067197102,1.991026232693219,1,0,1,1.8183754072201803
1,-2.1839108497104225,0.8498677363526322,4.590126184788982,1.660584627914821,0,0,1,0.8498677363526322
1,1.3188755177491032,1.4754691141305274,-2.1687295206743356,-5.943588595622718,0,1,0,1.4754691141305274
0,1.7029913041772458,2.0889644384797736,-2.296363200491191,2.0398234131876696,0,1,1,2.0889644384797736
0,2.5168236004806626,2.4611250600504935,-4.344940415894352,5.325065106656692,0,1,0,2.4611250600504935
0,3.659979592794827,1.5878976478734155,-4.442617825939008,-2.016071039220426,1,1,0,1.5878976478734155
1,-3.2828011489340705,1.3324320948265487,-0.7927542758604744,-2.863113674857067,0,0,1,1.3324320948265487
1,-4.858708115681991,2.669193089420153,-4.857970321960874,3.242178729620689,1,1,0,2.669193089420153
0,3.183852619085572,0.42338654421152555,-3.059325945029766,0.4516830090948192,0,1,1,0.42338654421152555
1,3.711829348145872,0.5496157262503337,-0.8925104838199195,-3.4490227596267524,1,0,1,0.5496157262503337
0,-1.852338156773145,1.533632303517455,3.356514471304588,4.171660390400241,1,1,1,1.533632303517455
0,2.410474207283661,2.116752172624651,2.786899792325728,2.78502185176451,0,0,0,2.116752172624651
1,-0.8155281533332299,0.3427850803340762,2.303432035884028,-2.1310279700399937,0,0,1,0.3427850803340762
1,2.096134139747971,2.416818236881647,-3.194877130909762,-0.7127897268223552,1,0,0,2.416818236881647
1,1.8149176738795973,0.7580821849387333,-0.4057343192239936,-1.9362460753366992,1,0,1,0.7580821849387333
1,1.1767712532998162,1.051170594489101,2.0161988570391047,0.9335009363344509,1,1,0,1.051170594489101
1,-3.0782382700693347,0.5132571362684126,2.4862661273082503,-1.8243536019969522,1,1,0,0.5132571362684126
1,-2.6177536659988037,0.2501213581605879,1.5258009892119695,-2.80160805126097,0,0,1,0.2501213581605879
0,-3.672813169098376,1.356682038560981,5.176705963588374,-4.376732731522796,1,1,1,1.356682038560981
1,-3.137045415830679,0.7408419037457576,1.0112121127448421,1.7103185747136413,1,0,1,0.7408419037457576
0,-1.823110704005444,0.4373354679974305,-0.18306234499300314,2.6849581134499476,0,1,0,0.4373354679974305
1,-2.1370672006686346,2.7244141752850997,-2.3616901705684965,2.484763914310049,0,0,1,2.7244141752850997
1,-3.9893323242196685,0.4728189051438949,-0.692815810125889,2.4969141186451695,1,0,1,0.4728189051438949
1,3.9658431742878344,2.398644852492342,4.915348263688505,2.919151185604532,0,1,1,2.398644852492342
1,-3.112393607889812,0.05308015826843504,-4.196183942821588,3.769168124000594,0,0,0,0.05308015826843504
0,3.988578283554067,0.7922267847683107,-0.14876177183050976,6.563004841448459,0,1,1,0.7922267847683107
0,0.6361039471220191,2.8617418063304596,1.2556651374638412,5.256925464423224,1,0,0,2.8617418063304596
0,4.361325456555253,0.3304331426876719,3.0377444768007655,-0.483055398364466,1,0,1,0.3304331426876719
1,-0.12310691042534518,2.6888468566314785,-4.301686734281841,-0.5349155421448413,1,0,1,2.6888468566314785
1,0.2977440286991113,1.5393806627626176,-5.577521997337358,3.4579344741141322,0,0,1,1.5393806627626176
1,1.9412327558181486,0.5596261338493735,0.822935007874291,-3.0813074951350865,0,0,1,0.5596261338493735
0,-3.284285883749093,2.462152417064846,3.705440446194876,3.823945004578457,0,0,0,2.462152417064846
0,1.1307141278172055,0.686551735006627,-1.5022132200832246,3.5756758019290347,1,1,0,0.686551735006627
1,-0.5468522422111353,0.4825041526656708,-0.5417718189338904,1.8084232171835213,1,1,1,0.4825041526656708
0,2.4652087134444947,0.06853583419095333,-1.755203640127358,-6.4559592352876365,0,0,1,0.06853583419095333
0,-0.2567263962949803,2.3537476861891538,1.426176005579657,-2.6112897190401894,1,0,1,2.3537476861891538
0,3.7539739317969563,0.6306477565138263,-1.6072158800549186,-1.8404471750950075,1,0,0,0.6306477565138263
1,-5.567389110951761,2.7432484151961534,-4.710904067027031,-3.2784913728247704,0,1,1,2.7432484151961534
1,-1.027272394396876,1.0283326016299237,1.3991991970433313,0.47137031309962607,1,0,1,1.0283326016299237
1,0.5651070194172334,1.4162127669006426,-3.056529521790747,-2.5555123766372945,1,1,0,1.4162127669006426
0,-7.276608277987025,2.8730249606902505,-0.7655880921493251,-0.43222630132880474,0,0,1,2.8730249606902505
0,-4.434714011817001,1.3585125423743993,7.320339092737578,-3.771242228661646,0,0,0,1.3585125423743993
0,1.9285235813690247,2.8998851281380276,-1.0600479522344561,0.5013673619484538,0,0,1,2.8998851281380276
0,-4.996903263780865,1.2661386529859078,2.9474905469135724,-2.3549479762309846,0,1,0,1.2661386529859078
1,2.9709443317894886,1.1613256144828301,-3.387515701390167,2.229925489715819,1,1,0,1.1613256144828301
1,-0.22276390808485932,0.3964084038482759,3.9905001432134224,2.8805259914736387,1,1,0,0.3964084038482759
0,-0.5822582748881682,0.25030417070830013,-2.1101239874941466,2.2349130495062512,0,1,1,0.25030417070830013
0,0.49707708846529086,0.5503239129288434,-2.1448075018303276,3.170059851839781,0,1,0,0.5503239129288434
0,-1.0946198703114105,0.444512022955303,-1.706385593532122,-0.7690961283701915,0,1,1,0.444512022955303
1,0.29348673725987856,2.7091338497782207,3.7446470508521097,-2.138370703518431,1,0,1,2.7091338497782207
1,0.9650643841894249,2.1976158178608483,0.6535996086189928,2.1314453028503424,1,0,1,2.1976158178608483
1,-3.070771239322599,0.2799970724477515,-1.7591336666915125,-0.5142272754255351,1,0,0,0.2799970724477515
0,-0.49084249652220946,1.4552564189075874,-1.7723716700414276,-4.154453043725764,1,1,0,1.4552564189075874
0,-0.5583315025800365,2.13669872521326,0.9427132224850536,-4.181972728675546,0,1,1,2.13669872521326
1,2.125862681581877,1.9335594536081522,-0.03273341244025751,0.28410681142559585,0,0,1,1.9335594536081522
1,-3.548624190773031,1.316216169006824,-1.5693314281776833,1.957940028283974,0,1,1,1.316216169006824
1,0.2912764489624721,2.614843690524957,-2.3221078163365405,1.8660005993053617,0,0,0,2.614843690524957
1,-3.6300188597431697,1.9512035432384711,3.342051513174058,1.69953502813553,1,0,0,1.9512035432384711
1,-0.06945733766025307,1.1364654679078874,0.31333804600924364,-1.8702323537726442,1,1,0,1.1364654679078874
1,4.969481557046036,2.4252112683227054,-3.9275198381518637,0.5637176732617749,0,0,1,2.4252112683227054
0,1.1867043775644035,1.860141729385015,-4.341343929429067,2.287853766410175,0,0,1,1.860141729385015
1,-0.8786404314552245,1.9378071696918355,-2.050984046905678,0.052100268612302346,1,1,0,1.9378071696918355
1,8.947723709701528,0.4646355456804848,0.7831001031251736,0.6544777097444198,1,0,1,0.4646355456804848
1,1.5195120645808253,2.951566488757862,4.0413228175928815,-4.353348937672273,0,0,1,2.951566488757862
1,-2.517970603900076,1.0329754788680003,5.040737362812508,-3.985342569851512,1,1,0,1.0329754788680003
0,-2.7040009943818184,2.7093135545261484,-0.6969011737644597,2.9410817070758224,1,0,0,2.7093135545261484
1,-2.5923800907689927,1.3188239462522588,0.07188194403865555,5.449813972908878,0,1,1,1.3188239462522588
1,-0.9030286378802275,2.788794157504794,0.8738287528379114,-0.17121160114274825,1,0,0,2.788794157504794
1,0.2935738660646494,1.0293148838737132,0.6507331017066442,-4.401761884322221,0,1,1,1.0293148838737132
1,3.5926461888335433,0.09878995396431112,3.7297949350192514,0.18871883096132042,1,0,0,0.09878995396431112
0,1.1306667468441722,0.18838290726476103,1.7158200345360997,1.483214632474011,0,1,0,0.18838290726476103
1,4.777833653124457,1.491742778125058,8.50037027072973,-1.0612000096640077,0,1,1,1.491742778125058
1,8.01981723984433,0.22816210242379298,4.688810594491572,0.36633061480882734,1,0,0,0.22816210242379298
1,-3.941312630871618,0.8335185055273263,-2.7388261263918854,-4.180750758520686,1,1,1,0.8335185055273263
1,-1.176575368168859,0.22167566429568952,-0.8184640237471079,4.149028731130932,1,1,0,0.22167566429568952
0,3.7010978946955473,1.9680486113475202,1.1087932769222508,0.9865907804724589,0,0,1,1.9680486113475202
0,-1.1852727328935468,1.1094185539382266,-0.36163535983577944,5.5204700068607755,1,0,1,1.1094185539382266
1,-0.28324020444308246,1.7259767079404813,-2.379330072447566,-3.1560050013667,1,0,1,1.7259767079404813
1,-0.7539985000949592,2.276063143884315,4.236409361801515,-0.6602882998278409,0,0,1,2.276063143884315
0,0.2926788569115687,1.0609262691988672,0.3631976952365508,0.2181617860551105,0,1,0,1.0609262691988672
0,1.7655499347310162,1.5201569398214279,-1.1900789884275877,1.4345457927916827,0,1,0,1.5201569398214279
1,0.3018208506598504,0.6133981616995755,-0.3221880184019277,0.5262982028885562,1,0,0,0.6133981616995755
1,-1.3883218870553629,0.14985898124058505,-0.19340185322465467,2.091777532201331,0,1,1,0.14985898124058505
0,2.406628822446683,1.1481344418508037,4.914895563352866,6.869706122032578,0,0,0,1.1481344418508037
0,2.6112778181107137,0.00890329599892914,2.2282497683974833,-0.6153408894949945,0,0,1,0.00890329599892914
1,-0.16091131136945533,0.8616387988413804,-1.8573780414580678,1.8885114205863571,1,0,1,0.8616387988413804
1,-3.752019085691285,2.337799791144527,-3.2268847357101285,-3.9159254967803627,0,0,0,2.337799791144527
0,4.156262622303683,2.3438021476879456,0.221213956811803,-1.7356056711483938,1,0,0,2.3438021476879456
1,2.162497002517365,1.8113153189116487,-2.1010668196415274,2.6955127256563345,1,1,1,1.8113153189116487
0,0.8289344258798625,2.8211192170011166,0.35558515225038323,2.2936098454170497,1,1,1,2.8211192170011166
1,2.8723783170544177,1.824606752582545,1.4041567439585367,-5.632115958404,0,1,0,1.824606752582545
1,-3.6391142698161794,2.6395486452993113,-1.314942920359727,-0.26654738205630646,1,0,1,2.6395486452993113
0,-3.305204801757691,1.5367335244414289,0.33842837628347827,-8.0659179182916,1,0,0,1.5367335244414289
1,5.103545924777789,2.0094778643166875,-0.13872463604273452,6.942132473796907,0,1,0,2.0094778643166875
0,-1.7912461057850053,2.5721124350080182,1.276653396189019,0.5044168332308189,0,0,1,2.5721124350080182
0,1.4663554493540722,1.409419741293719,-1.1589750724865575,-0.44617601947646224,1,0,1,1.409419741293719
1,-0.4230664065461822,0.9239043781486808,2.7408765321854967,-0.9801657853156686,0,1,1,0.9239043781486808
1,-2.2359224253545738,2.016207609717605,2.264757227719819,4.161030116177904,1,1,1,2.016207609717605
1,0.8031896935257798,1.8564444479308264,3.9464252647324463,-3.8479860664735854,1,1,0,1.8564444479308264
0,-2.3548135403346184,0.2898924195928404,-1.1390108193498412,4.547493457773037,0,1,0,0.2898924195928404
1,-1.7276352727464275,1.337627872151969,0.8528816362478775,6.4646158358486705,1,0,1,1.337627872151969
0,1.098677171186551,0.4127418810133362,-2.1503774356725787,4.072790937465276,0,1,1,0.4127418810133362
1,-6.219812442120165,1.8750056934670485,-1.3539705344461,-7.781220916712144,0,1,1,1.8750056934670485
1,-4.385478638360585,2.0463295297521538,0.45424952003840435,-4.3053807866033456,0,1,0,2.0463295297521538
0,-6.417041464154146,2.24159928418746,4.863390754496508,-6.220745589724068,0,1,0,2.24159928418746
1,-3.0096611150162373,2.040316047064965,3.840947088589209,1.799303434628121,0,1,1,2.040316047064965
0,-3.9169315706143006,2.0392796222867364,0.4434361545822221,4.486322161749252,1,1,1,2.0392796222867364
0,-0.9458102076504133,0.2843105385673744,-4.30028582847592,-3.7065461641069186,1,0,1,0.2843105385673744
0,-2.618578132145266,2.0153055502989816,1.9693318781520737,3.9194823306700624,0,1,1,2.0153055502989816
1,-0.530613935722144,0.9721074082182624,-2.345326508493815,-2.772681212223742,0,1,0,0.9721074082182624
1,0.5500946119490184,1.9390070585412544,-4.91865255657862,1.3548409969443647,1,1,1,1.9390070585412544
1,6.021328747036568,0.3275048077084496,2.4164414231778446,1.745701651662866,1,1,0,0.3275048077084496
0,-1.649238004323928,0.12852635190346084,-1.2693723452097343,-1.018911736950996,1,0,0,0.12852635190346084
0,-0.428272472025515,0.6618390395180174,2.761439630474624,-4.041138342838036,0,1,0,0.6618390395180174
0,-0.5073774883979301,0.5666952231142962,2.0348885723481986,0.7671702369087928,1,1,0,0.5666952231142962
1,-4.527289101024605,0.867797638858493,0.1814656770941764,2.1067387598213156,1,1,1,0.867797638858493
1,-3.5052426682226034,0.17152683403319158,-4.308771212456186,1.862482055919087,0,0,0,0.17152683403319158
0,-4.761684141274044,2.1611499202198465,-2.8052357940560575,0.8168619582558335,0,1,1,2.1611499202198465
1,-1.790638565846281,1.9725499097114196,2.613933513259202,0.10787980132837252,0,0,0,1.9725499097114196
1,0.7069867612794328,0.34806079212970487,4.7042814715794075,-2.4629039313499286,1,1,1,0.34806079212970487
0,5.626982076062888,1.9878709955350709,1.2630157294304238,4.574479983845397,0,0,0,1.9878709955350709
0,-2.80706674768418,0.43330876390936546,0.14542112365893162,-4.648342935807374,1,0,0,0.43330876390936546
1,2.2676535164529286,0.5590009775092646,-4.5686028672876855,0.6257572204734108,1,0,1,0.5590009775092646
0,0.12674363458725102,0.6451943723818178,-1.1473046391283888,0.81638257621778,1,0,1,0.6451943723818178
1,4.426989778803269,1.2438789326677742,2.286502623585432,-1.313805628137202,0,1,1,1.2438789326677742
0,-0.360857228170776,2.4151002022657315,0.25213153239278263,0.9294262435925249,1,1,1,2.4151002022657315
1,-0.013862455279591696,0.9224119349514508,-1.5151440972111758,-0.4834816746348752,0,1,0,0.9224119349514508
1,-3.5868452334198286,1.4029970138283745,-3.7551675836927516,-5.018716074039616,0,0,0,1.4029970138283745
1,-3.538231904822759,1.2211758296360664,-6.50774432940776,-0.8551086837083897,1,0,0,1.2211758296360664
0,-1.7339994878573042,0.6592467686750717,-3.1727056224128583,0.9266151348095812,1,1,1,0.6592467686750717
1,-0.3453016047863863,2.3866053509757315,-4.575263002828855,-2.6407944773342686,0,0,1,2.3866053509757315
0,-1.9346188610885076,0.636828865705536,2.2806707873338667,2.400454205152546,0,1,0,0.636828865705536
1,2.4430500867630354,1.3994166652350915,-1.8860474666721334,3.013157945264875,0,1,0,1.3994166652350915
0,-1.7721593412066041,1.5275767655745445,-0.9720547943078834,0.39449624064859723,1,0,0,1.5275767655745445
0,-1.296664179616959,0.1267536462210448,6.666164663974201,-1.7439508026113524,0,0,1,0.1267536462210448
0,-1.0822237165527626,2.3885211193217124,-0.14387307714717096,5.07702947604274,0,0,1,2.3885211193217124
0,0.23519378592814633,0.8400148183140359,0.8565405883035867,1.599795127906516,0,1,1,0.8400148183140359
0,-0.5323619106306136,1.387059323945374,-1.9989384967651485,-4.689354122750876,1,1,0,1.387059323945374
0,4.052704518031881,0.8551720548791344,-4.900628260475532,0.933071429303667,0,1,1,0.8551720548791344
